phone,email
(212) 865-2366,mailto:info@razrealty.com
(718) 465-2100,
(212) 686-4949,
(212) 226-4306,
(212) 431-1439,
(212) 971-9210,
(718) 496-2268,
(516) 944-6810,mailto:mail@furumoto.com
(212) 254-2552,
(212) 847-7204,
(212) 594-1414,mailto:dberger@bernsteinre.com
(212) 925-0205,
(212) 925-0205,
(212) 828-3645,
(201) 451-0950,mailto:boynerealty@msn.com
(212) 315-7200,
(212) 243-7700,
(212) 769-6516,mailto:dlewandowski@elliman.com
(212) 545-5220,mailto:efernandez@230fifthave.com
(201) 451-8800,mailto:michael@harsimuscoverealty.com
(212) 337-6162,
(212) 279-0799,
(212) 283-3723,mailto:info@broadwaytechnology.com
(888) 407-6374,
(201) 604-2100,mailto:jamal@express123.com
(212) 217-0262,mailto:daniel@cityprimerealty.com
(212) 941-9000,mailto:uptown@qualityliving.com
(212) 226-8576,mailto:info@castironrealestate.com
(212) 232-0210,
(212) 699-4444,
(212) 864-4555,mailto:info@coopercooper.com
(212) 945-2121,mailto:billg@regattany.com
(212) 966-1015,
(212) 227-0136,
(201) 420-9484,
(201) 222-3103,
(201) 420-6636,
(201) 547-8370,
(201) 239-7180,mailto:web@www.cushmanwakefield.com
(201) 451-0906,mailto:alex@checkfree.com
(212) 663-3316,mailto:info@rkpassoc.com
(212) 722-5552,mailto:info@metreal.com
(212) 662-0235,
(212) 772-8510,
(212) 535-2805,
(212) 327-3347,mailto:jsloane@sloanesquarenyc.com
(212) 721-2825,mailto:pfaherty@fenwick-keats.com
(212) 439-1610,
(212) 396-4323,
(212) 755-2323,mailto:klew@georgetownco.com
(212) 868-5210,mailto:anna@penmarkrealty.com
(201) 792-7601,mailto:staff@hobokenhomes.com
(888) 407-6374,
(201) 659-7101,
(212) 343-1700,mailto:info@capeadvisors.com
(212) 765-1655,mailto:certs@kddiamonds.com
(212) 825-0050,mailto:employment@pp-nyc.com
(212) 689-8488,mailto:mmager@besenretail.com
(212) 581-3003,mailto:Lincoln@gmail.com
(718) 547-9500,mailto:wdrealtyinc3@aol.com
(212) 587-7858,
(212) 234-8808,mailto:rentals@metrocitycorp.com
(212) 944-8595,
(212) 645-4435,
(212) 786-0300,mailto:sales@empirestateproperties.com
(201) 736-7372,
(212) 923-4117,
(212) 926-1031,
(201) 333-8131,
(201) 451-5042,
(212) 935-1866,mailto:starbucksstore@starbucks.com
(212) 564-8777,
(212) 838-1800,
(212) 355-0600,mailto:cdiamond@madisontimewatches.com
(212) 861-0349,mailto:giftlaw@aol.com
(646) 770-0491,
(212) 826-3130,mailto:nicole@anchornyc.com
(212) 768-3433,mailto:sarahcohen@optonline.net
(212) 599-9495,
(212) 986-5217,
(212) 768-2811,
(212) 685-3209,
(212) 689-4097,mailto:mail@filmemporium.com
(212) 889-0713,
(212) 477-5500,
(212) 564-3332,
(212) 608-2270,mailto:kevin@woon.us
(818) 939-8084,mailto:levih@meierrealestate.com
(201) 984-4244,
(212) 348-0090,
(212) 239-1300,mailto:jmclaughlin@capstoneny.com
(212) 995-2123,
(718) 780-8178,mailto:philippe.choplin@elliman.com
(201) 503-5878,mailto:WalkableLiving@gmail.com
(212) 588-9490,mailto:contact@citysitesny.com
(201) 792-7601,
(718) 243-2455,
(212) 682-9790,mailto:info@normanbobrow.com
(212) 283-6251,mailto:info@maxwellkatesinc.com
(212) 799-3688,
(212) 721-7227,mailto:Janet.Lowry@corcoran.com
(212) 988-8675,
(212) 758-1592,
(212) 604-0640,mailto:reservations@flatironhotel.com
(212) 808-4000,
(212) 675-3572,
(212) 452-3174,
(212) 228-4139,
(212) 334-6191,
(212) 217-9720,
(212) 732-0916,mailto:peter.conlin@cbre-ne.com
(212) 751-8334,
(212) 644-3542,
(212) 619-6919,mailto:sgrant@kulayoga.com
(718) 387-3700,
(212) 744-3330,
(212) 288-1999,mailto:info@mautnerglick.com
(212) 475-1300,
(212) 564-8713,mailto:pom@21insurance.com
(212) 265-2280,
(212) 924-1242,
(212) 244-2266,
(212) 742-0835,
(212) 634-7838,mailto:arie@aarealtygroup.com
(646) 783-0839,mailto:95Wall@udr.com
(212) 344-5290,
(212) 693-0402,mailto:enquiries@peracon.com.au
(646) 559-2778,
(347) 592-6256,mailto:info@imurje.com
(212) 514-9601,
(212) 619-5921,
(212) 797-7000,mailto:lisa.wahl@tfcornerstone.com
(212) 941-9680,mailto:Brian@longinesrealty.com
(212) 693-8150,
(212) 385-1315,
(212) 693-2828,mailto:service@email.c21stores.com
(212) 566-5550,mailto:info@homestateproperties.com
(917) 771-4960,
(212) 222-4653,mailto:lisa.wahl@tfcornerstone.com
(917) 805-3180,mailto:johnt@mazgroupny.com
(212) 685-7777,mailto:info@citihabitats.com
(212) 300-6412,mailto:info@opgny.com
(212) 734-9500,mailto:info@harlington.com
(212) 545-5801,mailto:info@gace.net
(212) 734-9500,mailto:info@harlington.com
(212) 734-9500,mailto:info@harlington.com
(212) 734-9500,mailto:info@harlington.com
(888) 407-6374,
(212) 255-4000,
(212) 444-7800,
(212) 627-3000,
(212) 253-0100,mailto:relocationdepartment@corcoran.com
(212) 421-9165,
(212) 734-9500,mailto:info@harlington.com
(646) 561-4884,
(212) 560-9469,mailto:peter@cheslerassociates.com
(212) 372-2000,
(917) 523-4681,mailto:cguevara@mqrealty.com
(212) 564-6662,mailto:srosenblatt@olmsteadinc.com
(212) 867-1186,mailto:fminchella@aegonusa.com
(718) 701-1752,mailto:joshuagarciares@gmail.com
(212) 687-3733,
(212) 944-9147,mailto:mail@hunterorg.com
(212) 679-1222,
(212) 889-7460,mailto:dbecker@jpday.com
(212) 279-1497,mailto:prustablevalue@prudential.com
(212) 560-0708,
(800) 966-8800,mailto:web@www.richlinegroup.com
(212) 868-1359,mailto:twirth@slgreen.com
(212) 734-9500,mailto:info@harlington.com
(212) 609-8000,
(212) 482-1500,mailto:edk@edkamenitzerrealestate.com
(212) 213-5335,mailto:lucien@lucienperry.com
(212) 829-0150,
(347) 728-0315,
(212) 734-9500,mailto:info@harlington.com
(212) 279-4150,mailto:info@gideonsdrugs.com
(212) 277-5500,
(212) 734-9500,mailto:info@harlington.com
(212) 695-8747,mailto:info@midboro.com
(917) 727-0047,
(929) 390-8838,mailto:info@nylongislandrealestate.com
(917) 213-7783,
(212) 319-5000,mailto:msruddlaw@msn.com
(212) 734-9500,mailto:info@harlington.com
(212) 734-9500,mailto:info@harlington.com
(212) 734-9500,mailto:info@harlington.com
(212) 969-9277,
(212) 418-2646,mailto:Diana.Biasotti@am.jll.com
(212) 682-9840,
(212) 935-4990,mailto:CallagyM@vss.com
(917) 359-1962,mailto:MarkTurken1@gmail.com
(212) 705-1079,mailto:askelliman@elliman.com
(917) 530-8014,mailto:arraynewyork@gmail.com
(212) 403-5600,mailto:aanderson@mfamerica.com
(212) 282-2100,mailto:michelle@rgbc.com
(212) 396-8100,mailto:web@www.helmsleyspear.com
(212) 372-2000,
(212) 403-3500,mailto:pramex1@mindspring.com
(212) 490-1002,mailto:dns@kj.net
(212) 302-9537,
(646) 571-2270,
(917) 952-8446,
(212) 370-7868,mailto:richard@schlesingerllc.com
(212) 734-9500,mailto:info@harlington.com
(212) 421-9592,mailto:badams@sagerealty.com
(212) 452-4260,
(212) 734-9500,mailto:info@harlington.com
(212) 744-3300,
(212) 672-2100,
(212) 734-9500,mailto:info@harlington.com
(917) 623-8570,mailto:rs@glointergroup.com
(212) 734-9500,mailto:info@harlington.com
(212) 255-5200,
(212) 247-5375,
(954) 650-2096,
(212) 372-2000,
(800) 229-6843,
(212) 832-1666,
(212) 980-8000,mailto:paul_collins@sherwood-equities.com
(212) 372-2000,
(212) 753-0006,mailto:inquiries@cantor.com
(212) 980-0900,mailto:lsmith@friedmaneq.com
(212) 734-9500,mailto:info@harlington.com
(212) 744-2900,mailto:info@cdobbs.com
(212) 891-7000,mailto:douglas.maine@bbh.com
(212) 588-8885,
(212) 421-9870,
(212) 372-2000,
(212) 439-1610,
(212) 688-8530,
(212) 974-1917,mailto:aejoo@hotmail.com
(212) 705-5000,
(212) 755-7552,
(201) 420-7393,mailto:info@hudsonplacerealty.com
(201) 217-6626,
(718) 923-8400,mailto:info@fcrc.com
(718) 305-6712,
(718) 571-9226,mailto:mikeylash@gmail.com
(718) 802-0131,
(718) 852-9050,mailto:relocationdepartment@corcoran.com
(201) 536-3181,
(212) 372-0759,
(646) 862-6474,mailto:eiraldarealtor@yahoo.com
(917) 268-8916,mailto:michelle.mumoli@triplemint.com
(212) 831-6695,
(212) 734-9500,mailto:info@harlington.com
(212) 862-1399,mailto:chylton@whgainc.org
(212) 666-0303,mailto:ebunin@alfredre.com
(212) 360-6160,mailto:Pamela.Barnes-Moses@corcoran.com
(212) 534-7771,mailto:CharlesPrestia@ruppertyorkville.com
(212) 861-8113,
(212) 996-3127,
(212) 390-1800,
(212) 734-9500,mailto:info@harlington.com
(212) 734-9500,mailto:info@harlington.com
(212) 608-5533,
(212) 227-5296,
(212) 822-1438,
(212) 233-2370,
(212) 406-4280,
(212) 732-3688,
(212) 962-0081,
(212) 868-2001,
(212) 791-4100,
(212) 608-6293,
(212) 513-1155,
(212) 227-4752,
(212) 349-6064,
(212) 619-0558,
(212) 571-2165,
(212) 354-3600,
(646) 587-0159,
(212) 233-2720,
(212) 732-7455,
(212) 233-5688,mailto:vic.davidson@dellarossa.net
(212) 758-7589,
(347) 661-2229,mailto:brian.nuesi@elliman.com
(718) 302-2285,mailto:northsideplazaauto@gmail.com
(212) 233-9772,
(212) 571-7717,
(212) 227-8332,
(212) 227-1144,
(212) 710-0093,mailto:info@bevmaxoffice.com
(212) 274-1770,
(212) 978-8483,
(212) 627-0206,
(212) 227-8638,
(212) 233-0848,
(212) 227-4082,
(212) 285-4232,
(212) 566-6188,
(212) 334-5571,
(212) 317-5700,mailto:postmaster@centerline.com
(212) 406-6969,
(212) 868-4557,
(212) 888-8811,
(212) 292-2707,
(212) 634-9777,
(212) 267-2669,
(212) 227-7455,
(212) 349-5759,
(646) 414-0011,
(212) 334-5264,mailto:info@entitysource.com
(212) 608-5827,mailto:resnick-hr@resnicknyc.com
(212) 842-0887,
(718) 471-5224,
(212) 566-8866,
(212) 528-9250,
(212) 962-0356,
(212) 431-2674,
(212) 227-1490,
(212) 619-6825,
(212) 941-7901,mailto:support@propertyshark.com
(212) 941-6216,mailto:earle@ldsys.net
(212) 219-0217,mailto:contact@midlandrealtyny.com
(800) 805-6605,
(212) 964-2926,
(917) 620-9199,
(212) 608-6675,
(212) 871-1959,mailto:srosenberg@bostonproperties.com
(212) 964-3777,
(212) 349-1010,
(212) 925-0390,
(212) 680-0188,
(646) 497-0102,
(212) 608-5588,mailto:mark@liptonassoc.com
(646) 613-0778,
(212) 226-8752,
(212) 226-0941,
(212) 219-0441,
(212) 608-9072,
(212) 349-5640,
(212) 964-1886,mailto:mikea@lacormech.com
(212) 966-2135,mailto:info@BroadwayRealty.com
(212) 965-0917,mailto:serge@aloudstudio.com
(212) 343-0005,
(212) 619-3700,mailto:info@surreyequities.com
(212) 732-3900,
(212) 343-0005,
(212) 966-6086,
(646) 613-8209,
(212) 966-3075,
(212) 791-7546,mailto:dkuz@yahoo.com
(212) 966-9783,
(212) 732-3436,mailto:info@delval.biz
(212) 608-8912,mailto:forummoderator@legallanguage.com
(212) 732-3436,
(212) 879-5656,
(212) 349-2371,
(212) 233-8911,mailto:RSullivan@cmfgroup.com
(212) 775-0021,
(646) 869-0137,
(212) 766-0825,
(212) 226-1707,
(212) 966-6765,
(212) 693-0200,
(212) 226-0561,
(929) 224-3829,
(212) 528-2000,
(212) 925-7739,
(212) 233-7857,
(212) 227-8905,
(212) 766-0012,
(212) 226-9133,
(212) 226-6257,
(212) 285-2700,
(212) 431-3860,
(212) 962-2300,
(212) 925-4023,
(212) 925-4023,
(212) 966-3419,
(212) 232-0387,
(646) 613-2600,mailto:ealvarez@stribling.com
(212) 566-4612,mailto:levy@blueswitch.com
(212) 432-4021,
(212) 453-4856,
(212) 571-0424,
(212) 785-0484,
(212) 966-1975,
(212) 334-8004,
(212) 925-2417,
(212) 962-3411,
(212) 925-3280,mailto:office@peprealestate.com
(646) 717-6454,mailto:info@eckerwindow.com
(212) 312-6700,mailto:media@benchmarkcompany.com
(212) 349-8080,mailto:chi_shiu@hotmail.com
(212) 945-4792,
(212) 925-3988,
(212) 668-1444,
(212) 858-7651,mailto:dkkoga@panix.com
(212) 706-8316,
(212) 490-4323,mailto:info@broadstreetcap.com
(212) 274-8383,
(212) 766-1111,
(212) 226-4512,
(212) 964-3060,
(212) 349-8080,
(212) 343-0884,
(212) 274-8761,mailto:andy@zoogy.com
(212) 226-4958,
(212) 858-7651,
(212) 858-7595,mailto:info@seachangecap.org
(646) 233-4890,mailto:info@seachangecap.org
(212) 406-0686,mailto:info@BroadwayRealty.com
(212) 367-0908,
(646) 214-0401,
(212) 227-6959,
(212) 226-1777,mailto:support@plantpeople.co
(212) 966-2305,
(212) 943-4080,
(212) 219-0944,
(212) 625-2627,
(212) 267-1197,
(212) 269-0323,
(212) 943-4080,
(413) 842-6866,
(212) 791-7923,
(212) 219-3291,
(212) 706-2388,
(212) 233-4248,
(212) 226-8834,
(212) 431-4678,
(617) 797-5606,
(212) 590-0540,mailto:info@luxurymanhattanproperty.com
(212) 267-7895,
(646) 613-1564,
(212) 981-7500,
(212) 629-0555,
(212) 925-1950,
(212) 226-8960,
(212) 742-9300,
(212) 221-8300,mailto:jjpassoc@aol.com
(212) 267-2742,
(212) 945-4200,
(212) 290-8686,mailto:jdpromo33@aol.com
(212) 226-8150,
(212) 602-9972,
(212) 759-8660,
(212) 945-2906,
(917) 284-6353,
(212) 941-0584,
(212) 941-1483,
(212) 204-8560,
(212) 334-3034,
(212) 257-2127,
(212) 219-8882,
(212) 925-5629,
(212) 226-0169,
(212) 219-1420,
(212) 430-5772,
(212) 809-2371,
(212) 219-2742,
(212) 587-8950,mailto:anna@penmarkrealty.com
(212) 566-5511,
(212) 652-0047,
(212) 431-9161,
(212) 566-5511,
(212) 742-2739,
(212) 355-4335,mailto:sales@delma-gz.com
(212) 742-0450,mailto:weaver@uhab.org
(212) 732-0257,
(212) 219-8728,
(212) 219-1630,
(212) 966-7880,
(212) 920-8393,
(212) 431-3450,
(212) 402-7856,mailto:tom@bouklisgroup.com
(914) 314-3335,mailto:globalasiainc@ymail.com
(212) 625-9557,
(212) 233-1000,mailto:may@greatchinatours.net
(212) 618-1454,
(212) 618-1985,
(212) 618-1260,
(212) 732-2988,
(212) 618-1428,
(212) 618-1290,
(212) 319-8430,
(212) 618-1590,
(646) 568-3175,mailto:info@atrianyc.com
(212) 226-0452,mailto:wkuhldsign@aol.com
(212) 248-9550,mailto:jfrank@timeequities.com
(212) 941-9870,
(212) 586-0906,
(646) 723-5300,
(212) 742-9595,
(212) 344-9199,mailto:listings@magnumres.com
(212) 226-0235,mailto:info@wlyco.com
(212) 219-3850,
(800) 872-3627,
(212) 480-1122,
(212) 344-0208,
(212) 514-5106,
(212) 267-7628,
(212) 267-4766,
(212) 219-3486,
(212) 226-5592,mailto:mrolland@corcoran.com
(212) 227-2252,
(212) 941-5922,
(212) 996-0303,
(212) 962-5808,
(212) 863-9795,
(212) 267-2820,mailto:info@317madisonave.com
(212) 918-4505,
(212) 742-0707,mailto:Steven@CosmosCapitalGroup.com
(212) 344-7758,
(212) 825-0365,
(212) 431-5296,
(212) 482-1500,mailto:edk@edkamenitzerrealestate.com
(212) 619-5920,
(212) 480-8000,
(212) 235-5161,
(646) 365-0193,
(212) 274-9541,
(212) 269-0751,
(212) 480-8000,
(212) 968-7706,
(212) 422-2135,
(212) 514-5419,
(212) 966-4832,mailto:Brian@longinesrealty.com
(212) 785-0466,
(646) 392-4225,
(212) 908-1180,
(212) 966-8883,
(212) 809-8860,
(212) 966-0147,
(212) 684-5500,
(212) 267-8848,
(212) 361-3700,
