name,phone,email
<h1>Re/Max Villa</h1>,(888) 407-6374,
<h1>West 38th St Associates</h1>,(212) 971-9210,
<h1>Raz Realty</h1>,(212) 865-2366,info@razrealty.com
<h1>Avalon Realty</h1>,(201) 604-2100,jamal@express123.com
<h1>Cooper &amp; Cooper Real Estate</h1>,(212) 864-4555,info@coopercooper.com
<h1>Furumoto Realty Inc</h1>,(516) 944-6810,mail@furumoto.com
<h1>Brooklyn Properties Inc</h1>,(718) 532-1234,home@brooklynproperties.com
<h1>Sperry Van Ness Butler Kane</h1>,(212) 686-4949,
<h1>Rosen Partners</h1>,(212) 254-2552,
<h1>Ny Living Solutions</h1>,(212) 227-0021,info@nyls.net
<h1>Jem Realty Associates</h1>,(212) 431-1439,
<h1>Home Dax Real Estate</h1>,(917) 960-8524,sally@slcrealtyny.com
<h1>Century 21</h1>,(718) 465-2100,
<h1>Darlene Sterling Real Estate Agent</h1>,(718) 496-2268,
<h1>Bernstein Real Estate</h1>,(212) 594-1414,dberger@bernsteinre.com
<h1>Sandy Beck License Real Estate</h1>,(212) 925-0205,
<h1>New Era Realty</h1>,(212) 847-7204,
<h1>Sandy Beck License Real Estate Broker</h1>,(212) 925-0205,
<h1>Penmark</h1>,(212) 226-4306,
<h1>Dariko Assocs Inc</h1>,(212) 828-3645,
<h1>Newmark &amp; Co Real Estate</h1>,(212) 545-5220,efernandez@230fifthave.com
<h1>245 Realty</h1>,(212) 243-7700,
<h1>Douglas Elliman</h1>,(212) 337-6162,
<h1>Secure</h1>,(212) 315-7200,
<h1>Manhattan Real Estate - David Lewandowski</h1>,(212) 769-6516,dlewandowski@elliman.com
<h1>Harsimus Cove Realty</h1>,(201) 451-8800,michael@harsimuscoverealty.com
<h1>Boyne Realty Inc</h1>,(201) 451-0950,boynerealty@msn.com
<h1>Elysian Realty</h1>,(201) 420-6636,
<h1>277 York Street Realty</h1>,(201) 547-8370,
<h1>Clarion Realty Services</h1>,(201) 451-0906,alex@checkfree.com
<h1>Quality Living Village Inc</h1>,(212) 941-9000,uptown@qualityliving.com
<h1>Eastgate Realty Corp</h1>,(212) 279-0799,
<h1>Cast Iron Real Estate Corp</h1>,(212) 226-8576,info@castironrealestate.com
<h1>City Solutions Limited</h1>,(212) 232-0210,
<h1>Jemb Realty</h1>,(212) 699-4444,
<h1>Regatta New York Realty</h1>,(212) 945-2121,billg@regattany.com
<h1>William Beaver House</h1>,(212) 966-1015,
<h1>Penmark</h1>,(212) 227-0136,
<h1>Cushman &amp; Wakefield</h1>,(201) 239-7180,web@www.cushmanwakefield.com
<h1>R Kenyatta Punter &amp; Associates Inc</h1>,(212) 663-3316,info@rkpassoc.com
<h1>746 Realty Corp</h1>,(212) 662-0235,
<h1>Key Ventures Inc</h1>,(212) 439-1610,
<h1>Metropolitan Realty Group</h1>,(212) 722-5552,info@metreal.com
<h1>Sloane Square</h1>,(212) 327-3347,jsloane@sloanesquarenyc.com
<h1>Downtown Najjar Realty</h1>,(201) 420-9484,
<h1>Fenwick Keats Realty</h1>,(212) 721-2825,pfaherty@fenwick-keats.com
<h1>238 Fifth Street Realty Associates Inc</h1>,(201) 222-3103,
<h1>Adg Capital</h1>,(212) 396-4323,
<h1>James Lenox House Inc</h1>,(212) 535-2805,
<h1>Edward Lee Cave Inc</h1>,(212) 772-8510,
<h1>Studley New Vista Associates</h1>,(212) 759-7300,
<h1>Georgetown Co</h1>,(212) 755-2323,klew@georgetownco.com
<h1>Urban Development Partners</h1>,(212) 767-0960,
<h1>Penmark Realty- Orion Building 350 West 42 Street</h1>,(212) 868-5210,anna@penmarkrealty.com
<h1>Re/Max</h1>,(888) 407-6374,
<h1>500 Park Tower</h1>,(212) 751-5888,
<h1>Platinum Properties</h1>,(212) 825-0050,employment@pp-nyc.com
<h1>Ring F M Assoc Inc</h1>,(212) 765-1655,certs@kddiamonds.com
<h1>Cape Advisors</h1>,(212) 343-1700,info@capeadvisors.com
<h1>Besen &amp; Associates</h1>,(212) 689-8488,mmager@besenretail.com
<h1>Armagno Agency Inc</h1>,(201) 659-7101,
<h1>Century 21</h1>,(201) 792-7601,staff@hobokenhomes.com
<h1>Willette Daniels Realty Inc.</h1>,(718) 547-9500,wdrealtyinc3@aol.com
<h1>RI Manhattan Realty</h1>,(212) 581-3003,Lincoln@gmail.com
<h1>Tribeca Bridge Tower</h1>,(212) 587-7858,
<h1>Ny Metro Realty</h1>,(212) 234-8808,rentals@metrocitycorp.com
<h1>545-547 West 158 Street Associates Ltd</h1>,(212) 923-4117,
<h1>S &amp; H Realty Co</h1>,(212) 944-8595,
<h1>Empire State Properties</h1>,(212) 786-0300,sales@empirestateproperties.com
<h1>Donovan Billington Barbosa Realty Group</h1>,(201) 451-5042,
<h1>Brunswick Group Inc</h1>,(212) 935-1866,starbucksstore@starbucks.com
<h1>L &amp; L Holding Co</h1>,(212) 645-4435,
<h1>Cohen Brothers Realty Corp</h1>,(212) 838-1800,
<h1>Global Reach Capital</h1>,(212) 564-8777,
<h1>70 Hudson Street Realty</h1>,(201) 333-8131,
<h1>Hudson Gold</h1>,(201) 736-7372,
<h1>Zelnik &amp; Co</h1>,(212) 223-2200,info@zelnikco.com
<h1>Vintage Real Estate</h1>,(212) 736-3680,
<h1>Stewart House</h1>,(212) 995-1940,sbell@stewarthome.com
<h1>Master Cities Inc</h1>,(212) 741-0766,
<h1>Centerline Capital Group</h1>,(212) 317-5700,cmoore@csmcapitalcorp.com
<h1>1031 Solutions</h1>,(212) 926-1031,
"<h1>Barkin &amp; Associates Realty, Inc</h1>",(212) 246-1740,sbarkin@msn.com
<h1>Tunesat</h1>,(212) 247-4400,
<h1>766 Madison Ave Realty Corp</h1>,(212) 861-0349,giftlaw@aol.com
<h1>330 Madison Ave</h1>,(212) 986-5217,
<h1>654 Madison Ave Associates</h1>,(212) 355-0600,cdiamond@madisontimewatches.com
<h1>Titan Luxury</h1>,(646) 770-0491,
<h1>Tinicum Capital Partners LP</h1>,(212) 446-9300,jbartholdson@triumphgroup.com
<h1>Anchor Associates</h1>,(212) 826-3130,nicole@anchornyc.com
<h1>Gotham Realty</h1>,(212) 768-3433,sarahcohen@optonline.net
<h1>East 46th Realty</h1>,(212) 599-9495,
<h1>D C &amp; H Realty</h1>,(212) 768-2811,
<h1>Two Seventy Four Madison Av</h1>,(212) 689-4097,mail@filmemporium.com
<h1>240 Madison Ave Assoc</h1>,(212) 685-3209,
<h1>211 Madison Ave Condos</h1>,(212) 889-0713,
<h1>Levi Herman Real Estate</h1>,(818) 939-8084,levih@meierrealestate.com
<h1>Fd &amp; Associates Group Inc</h1>,(212) 564-3332,
<h1>Village East Towers Inc</h1>,(212) 477-5500,
<h1>Sommerlyn Associates</h1>,(212) 348-0090,
"<h1>Capstone Realty Advisors, Inc</h1>",(212) 239-1300,jmclaughlin@capstoneny.com
<h1>Rajshree Banerjee- Walkable Living Real Estate</h1>,(201) 503-5878,WalkableLiving@gmail.com
<h1>Won &amp; Har</h1>,(212) 608-2270,kevin@woon.us
<h1>International Finance &amp; Trade</h1>,(212) 995-2123,
"<h1>Brian David, LLC Realtors</h1>",(201) 984-4244,
<h1>Philippe Choplin | Douglas Elliman Real Estate Agent in NYC</h1>,(718) 780-8178,philippe.choplin@elliman.com
"<h1>CitySites Real Estate Group, Inc</h1>",(212) 588-9490,contact@citysitesny.com
<h1>Brause Realty Inc</h1>,(212) 319-8263,officeretail@ardorny.com
<h1>Innovative Realty Century 21</h1>,(201) 792-7601,
<h1>Rc Chera Realty Group</h1>,(718) 243-2455,
<h1>Maxwell-Kates Inc</h1>,(212) 283-6251,info@maxwellkatesinc.com
<h1>The Corcoran Group</h1>,(212) 721-7227,Janet.Lowry@corcoran.com
<h1>Norman Bobrow &amp; Co Inc</h1>,(212) 682-9790,info@normanbobrow.com
<h1>Capmar Realty Corp</h1>,(212) 988-8675,
<h1>Capit Realty Co Inc</h1>,(212) 452-3174,
<h1>Eagle Court</h1>,(212) 799-3688,
<h1>Town Flatiron</h1>,(212) 604-0640,reservations@flatironhotel.com
<h1>Solow Realty</h1>,(212) 758-1592,
<h1>Moinian Group</h1>,(212) 808-4000,
<h1>Rivington 151</h1>,(212) 228-4139,
<h1>Transvilla Real Estate &amp; Development Group Inc</h1>,(212) 334-6191,
<h1>Columbus Properties Inc</h1>,(212) 732-0916,peter.conlin@cbre-ne.com
<h1>Safeguard Realty Management Inc</h1>,(212) 217-9720,
<h1>Koeppel Management Co</h1>,(212) 751-8334,
<h1>Solil Managmnt Corp</h1>,(212) 675-3572,
<h1>Amtrust Realty Corp</h1>,(212) 619-6919,sgrant@kulayoga.com
<h1>Eastpointe Properties Group</h1>,(212) 924-1242,
<h1>1265 Broadway</h1>,(212) 564-8713,pom@21insurance.com
<h1>Whitehouse Estates Inc</h1>,(212) 644-3542,
<h1>Leiter Realty Group</h1>,(718) 387-3700,
<h1>Silver Star Properties Corp</h1>,(212) 244-2266,
<h1>Allied Realty Associates</h1>,(212) 475-1300,
<h1>Aaa Balsamo Rosenblatt Rizzo &amp; Shivers P C</h1>,(718) 858-2362,
<h1>Sol Goldman Rl Est</h1>,(212) 265-2280,
<h1>Big City Realty</h1>,(646) 476-2451,
<h1>Toll Brothers New York City Living Division Office</h1>,(212) 742-0835,
<h1>Bettina Construction</h1>,(212) 744-3330,
<h1>Mautner Glick Corp</h1>,(212) 288-1999,info@mautnerglick.com
<h1>AA Realty Group</h1>,(212) 634-7838,arie@aarealtygroup.com
<h1>New York Living Solution</h1>,(646) 559-2778,
<h1>95 Wall</h1>,(646) 783-0839,95Wall@udr.com
<h1>Blue Stone Group</h1>,(212) 514-9601,
<h1>55 Broad</h1>,(212) 344-5290,
<h1>Peracon</h1>,(212) 693-0402,enquiries@peracon.com.au
<h1>Imurje Inc</h1>,(347) 592-6256,info@imurje.com
<h1>Steller Management</h1>,(212) 619-5921,
<h1>45 Wall St by TF Cornerstone</h1>,(212) 797-7000,lisa.wahl@tfcornerstone.com
<h1>Lorgines Realty Inq</h1>,(212) 941-9680,Brian@longinesrealty.com
<h1>2 Gold St by TF Cornerstone</h1>,(212) 222-4653,lisa.wahl@tfcornerstone.com
<h1>Brookfield Properties</h1>,(212) 693-8150,
<h1>Century 21</h1>,(212) 385-1315,
<h1>Century 21</h1>,(212) 693-2828,service@email.c21stores.com
<h1>Homestead Nyc Inc</h1>,(212) 566-5550,info@homestateproperties.com
<h1>Century 21</h1>,(212) 334-3512,
<h1>Spring 11</h1>,(212) 372-2000,
<h1>Sdny Office Space</h1>,(917) 771-4960,
<h1>Bellmarc Realty Inc</h1>,(212) 517-9100,akaplan@cae.org
<h1>740 Park Hair Restoration</h1>,(888) 651-4282,info@740md.com
"<h1>Regus - New York, New York - 1325 Avenue of Americas</h1>",(212) 763-8300,NewYork.1325Sixth@regus.com
<h1>The Corcoran Group</h1>,(212) 721-4600,ERD@Corcoran.com
<h1>121 East 22nd</h1>,(212) 300-4226,
<h1>Olshan Realty Co</h1>,(212) 751-3300,monterealty@monterealty.com
<h1>ellen kapit Associate real estate broker</h1>,(917) 620-3445,ellen.kapit@sothebysrealty.com
<h1>The Boland Team at The Corcoran Group</h1>,(347) 262-2766,julia.boland@corcoran.com
<h1>Corcoran Group</h1>,(212) 444-7899,SJD@corcoran.com
<h1>Halliburton Homes</h1>,(201) 420-7766,jesse@halliburtonhomes.com
<h1>Gotham Realty</h1>,(201) 610-0036,info@gothamrealtynj.com
<h1>Ten Fifty Park Ave</h1>,(212) 289-4653,
<h1>Nyc Apartments Sale</h1>,(212) 717-7117,
<h1>Emmut Properties</h1>,(212) 475-0510,
<h1>John Tarjavaara</h1>,(917) 805-3180,johnt@mazgroupny.com
<h1>Goldstein Associates</h1>,(212) 545-5801,info@gace.net
<h1>Oxford Property Group</h1>,(212) 300-6412,info@opgny.com
<h1>Citi Habitats</h1>,(212) 685-7777,info@citihabitats.com
<h1>Harlington Realty</h1>,(212) 734-9500,info@harlington.com
<h1>Zuni</h1>,(212) 765-7626,
<h1>Harlington Realty</h1>,(212) 734-9500,info@harlington.com
<h1>Harlington Realty</h1>,(212) 734-9500,info@harlington.com
<h1>Brusco Realty</h1>,(212) 663-4900,stucraigadler@aol.com
<h1>Harlington Realty</h1>,(212) 734-9500,info@harlington.com
<h1>Re/Max Midtown //</h1>,(888) 407-6374,
<h1>Coldwell Banker Hunt Kennedy</h1>,(212) 255-4000,
<h1>Harlington Realty</h1>,(212) 734-9500,info@harlington.com
"<h1>Packman, C</h1>",(212) 421-9165,
<h1>Realogy Corporation Corcoran Group Chelsea</h1>,(212) 444-7800,
<h1>The Corcoran Group</h1>,(212) 253-0100,relocationdepartment@corcoran.com
<h1>ABC Stay</h1>,(917) 363-0845,
<h1>Harlington Realty</h1>,(212) 734-9500,info@harlington.com
<h1>Tawil &amp; Team</h1>,(646) 609-8868,
<h1>Douglas Elliman Real Estate</h1>,(646) 561-4884,
<h1>The Corcoran Group</h1>,(212) 941-2500,Tim.Cass@corcoran.com
<h1>Citi Habitats</h1>,(212) 937-8500,
<h1>Bellmarc Realty</h1>,(212) 627-3000,
<h1>77 Charlton</h1>,(212) 981-8580,
<h1>Holiday Estates USA</h1>,(800) 984-9029,info@heltdusa.org
<h1>Urban Dwellers NYC</h1>,(212) 473-2600,info@nycdwellers.com
<h1>Jones Lang Lasalle</h1>,(212) 422-2450,
<h1>Paper Street Real Estate</h1>,(646) 634-7748,
<h1>Burchman Terrio Urban Consultants</h1>,(212) 968-9330,info@btqfinancial.com
<h1>Battery Park City No 12 Associates</h1>,(212) 619-2600,
<h1>Axel Johnson Inc</h1>,(646) 291-2445,info@axeljohnsoninc.com
<h1>Americas Lending Group</h1>,(516) 870-9249,
<h1>Wagner Associates</h1>,(212) 560-9469,peter@cheslerassociates.com
<h1>Royal Realty Corp</h1>,(212) 687-3733,
<h1>Cesar Guevara | MQ Realty</h1>,(917) 523-4681,cguevara@mqrealty.com
<h1>Olmstead Properties</h1>,(212) 564-6662,srosenblatt@olmsteadinc.com
<h1>Agent Joshua Garcia - Paripassu Realty Corp - Broker</h1>,(718) 701-1752,joshuagarciares@gmail.com
<h1>Realty Advisory Bd On Labor Relations Inc</h1>,(212) 867-1186,fminchella@aegonusa.com
<h1>Spring 11</h1>,(212) 372-2000,
<h1>Hunter Realty Organization</h1>,(212) 944-9147,mail@hunterorg.com
<h1>Joseph P Day Realty Corp</h1>,(212) 889-7460,dbecker@jpday.com
<h1>The Prudential</h1>,(212) 279-1497,prustablevalue@prudential.com
<h1>Cohen Commercial Properties</h1>,(212) 679-1222,
<h1>Ilshin America Inc</h1>,(212) 560-0708,
<h1>Newmark</h1>,(212) 609-8000,
"<h1>Richline Group, Inc</h1>",(800) 966-8800,web@www.richlinegroup.com
<h1>Mamiye Group</h1>,(212) 279-4150,info@gideonsdrugs.com
<h1>SL Green Realty Corp</h1>,(212) 868-1359,twirth@slgreen.com
<h1>Harlington Realty</h1>,(212) 734-9500,info@harlington.com
<h1>The Murray Hill</h1>,(347) 728-0315,
<h1>Lucien Perry Real Estate</h1>,(212) 213-5335,lucien@lucienperry.com
<h1>Maletzky Media</h1>,(212) 829-0150,
<h1>Kamenitzer Real Estate</h1>,(212) 482-1500,edk@edkamenitzerrealestate.com
<h1>Harlington Realty</h1>,(212) 734-9500,info@harlington.com
<h1>Hudson Realtor</h1>,(917) 213-7783,
<h1>NY Long Island Real Estate</h1>,(929) 390-8838,info@nylongislandrealestate.com
<h1>The Rudd Group</h1>,(212) 319-5000,msruddlaw@msn.com
<h1>Harlington Realty</h1>,(212) 734-9500,info@harlington.com
<h1>Harlington Realty</h1>,(212) 734-9500,info@harlington.com
<h1>Hines Gerald D Interest</h1>,(212) 969-9277,
<h1>Harlington Realty</h1>,(212) 734-9500,info@harlington.com
<h1>875 Third Avenue</h1>,(212) 418-2646,Diana.Biasotti@am.jll.com
<h1>Douglas Elliman Real Estate</h1>,(212) 705-1079,askelliman@elliman.com
<h1>First New York Realty</h1>,(212) 682-9840,
<h1>Veronis Suhler Stevenson</h1>,(212) 935-4990,CallagyM@vss.com
<h1>Westchester Realty NY</h1>,(917) 359-1962,MarkTurken1@gmail.com
<h1>Rothschild Asset Management</h1>,(212) 403-3500,pramex1@mindspring.com
<h1>Array Property Group</h1>,(917) 530-8014,arraynewyork@gmail.com
<h1>Rockefeller Group Development</h1>,(212) 282-2100,michelle@rgbc.com
<h1>Spring 11</h1>,(212) 372-2000,
<h1>Harlington Realty</h1>,(212) 734-9500,info@harlington.com
<h1>Mitsui Fudosan America Inc</h1>,(212) 403-5600,aanderson@mfamerica.com
<h1>Helmsley Spear</h1>,(212) 396-8100,web@www.helmsleyspear.com
<h1>Sage Realty Corp</h1>,(212) 421-9592,badams@sagerealty.com
<h1>Century 21</h1>,(646) 571-2270,
<h1>Alliance</h1>,(212) 302-9537,
<h1>Schlesinger And Company</h1>,(212) 370-7868,richard@schlesingerllc.com
<h1>Penmark Realty</h1>,(646) 485-6100,anna@penmarkrealty.com
<h1>Durst Foundation Inc</h1>,(212) 257-6600,info@durst.org
<h1>Credit Rebirth - NY</h1>,(718) 395-0532,
<h1>Sierra Realty Corp</h1>,(212) 490-1002,dns@kj.net
<h1>Manhattan East Realty</h1>,(212) 452-4260,
<h1>Hudson Vista Properties</h1>,(917) 952-8446,
<h1>Harlington Realty</h1>,(212) 734-9500,info@harlington.com
<h1>CITY LUXURY</h1>,(212) 222-6918,info@cityluxury.com
<h1>Friedland Properties</h1>,(212) 744-3300,
<h1>Harlington Realty</h1>,(212) 734-9500,info@harlington.com
<h1>The Max by TF Cornerstone</h1>,(212) 672-2100,
<h1>Harlington Realty</h1>,(212) 734-9500,info@harlington.com
<h1>Global International Realty Group</h1>,(917) 623-8570,rs@glointergroup.com
<h1>Century 21</h1>,(212) 255-5200,
<h1>Spring 11</h1>,(212) 372-2000,
"<h1>Susan D Fine Enterprises, LLC</h1>",(212) 247-5375,
<h1>Newmark</h1>,(800) 229-6843,
<h1>Bgc Partners</h1>,(212) 753-0006,inquiries@cantor.com
<h1>Prudential Insurance Co</h1>,(212) 832-1666,
<h1>Video Operations Svces Inc</h1>,(212) 421-9870,
<h1>Sherwood Equities Inc</h1>,(212) 980-8000,paul_collins@sherwood-equities.com
<h1>Spring 11</h1>,(212) 372-2000,
<h1>Friedman Equities</h1>,(212) 980-0900,lsmith@friedmaneq.com
<h1>Judson Realty</h1>,(212) 974-1917,aejoo@hotmail.com
<h1>Ra Partners</h1>,(954) 650-2096,
<h1>Harlington Realty</h1>,(212) 734-9500,info@harlington.com
<h1>Dobbs Associates Inc</h1>,(212) 744-2900,info@cdobbs.com
<h1>MKF Group</h1>,(212) 588-8885,
<h1>Spring 11</h1>,(212) 372-2000,
<h1>Key Ventures Inc</h1>,(212) 439-1610,
<h1>Hudson Place Realty</h1>,(201) 420-7393,info@hudsonplacerealty.com
<h1>Douglas Elliman Real Estate</h1>,(212) 891-7000,douglas.maine@bbh.com
<h1>Bellmarc Brokerage LTD</h1>,(212) 688-8530,
<h1>Wythe Ateliers</h1>,(718) 305-6712,
<h1>Toll Brothers New Jersey City Living Division Office</h1>,(201) 217-6626,
<h1>MDL Real Estate Group</h1>,(718) 571-9226,mikeylash@gmail.com
<h1>Forest City Ratner Co</h1>,(718) 923-8400,info@fcrc.com
<h1>Forest City Pierrepont Assoc</h1>,(718) 802-0131,
<h1>Michelle Mumoli - The Mumoli Group</h1>,(917) 268-8916,michelle.mumoli@triplemint.com
<h1>West Harlem Group Assistance</h1>,(212) 862-1399,chylton@whgainc.org
<h1>VANGUARD REALTY</h1>,(646) 862-6474,eiraldarealtor@yahoo.com
<h1>The Corcoran Group</h1>,(718) 852-9050,relocationdepartment@corcoran.com
<h1>Newmark</h1>,(212) 372-0759,
<h1>Mack-Cali Realty Corp</h1>,(201) 536-3181,
<h1>Harlington Realty</h1>,(212) 734-9500,info@harlington.com
<h1>Alfred Real Estate</h1>,(212) 666-0303,ebunin@alfredre.com
<h1>Anna Notaro Agency</h1>,(212) 831-6695,
<h1>1765 First Associates</h1>,(212) 996-3127,
<h1>Ruppert-Yorkville Towers</h1>,(212) 534-7771,CharlesPrestia@ruppertyorkville.com
<h1>Brown Harris Stevens</h1>,(212) 861-8113,
<h1>Tribeca Associates LP</h1>,(212) 227-5296,
<h1>The Corcoran Group</h1>,(212) 360-6160,Pamela.Barnes-Moses@corcoran.com
<h1>Copperwood Real Estate</h1>,(212) 390-1800,
<h1>Murray Street Realty Associates</h1>,(212) 233-2370,
<h1>Tribeca Green Valet Inc</h1>,(212) 608-5533,
<h1>Pro Se Assn Inc</h1>,(212) 406-4280,
<h1>Besedin Avakov &amp; Shea</h1>,(212) 822-1438,
<h1>Mem Realty Corp</h1>,(212) 962-0081,
<h1>Vertex Realty Group</h1>,(212) 868-2001,
<h1>Dominion Realty Capital</h1>,(212) 791-4100,
<h1>Nue Studio Group</h1>,(212) 513-1155,
<h1>58-60 Realty</h1>,(212) 608-6293,
<h1>Cushman &amp; Wakefield Inc</h1>,(212) 227-4752,
<h1>Schmieder Real Estate Consultants Incorporated</h1>,(212) 732-3688,
<h1>291 Broadway Realty Associates</h1>,(212) 619-0558,
<h1>The Maray Co</h1>,(212) 349-6064,
<h1>281 Associates</h1>,(212) 571-2165,
<h1>Sutton Investments</h1>,(212) 354-3600,
<h1>Whitaker Management</h1>,(646) 587-0159,
<h1>Broadway Owners</h1>,(212) 233-2720,
<h1>Fifty Eight To Sixty Four</h1>,(212) 732-7455,
<h1>Tower Property Group</h1>,(212) 758-7589,
<h1>Cullen And Troia</h1>,(212) 233-9772,
<h1>325 Broadway Associates</h1>,(212) 233-5688,vic.davidson@dellarossa.net
<h1>Brian Nuesi @ Douglas Elliman</h1>,(347) 661-2229,brian.nuesi@elliman.com
<h1>J W Realty Co</h1>,(212) 227-1144,
<h1>The Parkside Group</h1>,(212) 571-7717,
<h1>Siegfriedt Kurt</h1>,(212) 227-8332,
<h1>Bevmax Office Centers - Tribeca</h1>,(212) 710-0093,info@bevmaxoffice.com
<h1>Toja Enterprises</h1>,(212) 274-1770,
<h1>Time Equities</h1>,(212) 978-8483,
<h1>Barclays International Realty</h1>,(212) 627-0206,
<h1>225 Bway Company</h1>,(212) 227-8638,
<h1>Newmark &amp; Co Real Estate</h1>,(212) 233-0848,
<h1>Bluestone Realty Services</h1>,(212) 227-4082,
<h1>Plush Realty</h1>,(212) 285-4232,
<h1>Cotswood Realty</h1>,(212) 566-6188,
<h1>Jani Real Estate</h1>,(212) 334-5571,
<h1>Goldberg Everet</h1>,(212) 406-6969,
<h1>Centerline Centerline</h1>,(212) 317-5700,postmaster@centerline.com
<h1>Edward S Gordon Company Inc RL EST</h1>,(212) 868-4557,
<h1>Bayside Builders Inc</h1>,(212) 431-4218,
<h1>Century Operating Corp</h1>,(212) 290-1100,
<h1>157 West 49 St Realty Corp</h1>,(212) 226-6497,
<h1>Duane Street</h1>,(212) 227-1196,support@propertyshark.com
<h1>Skyline Mng Manhattan</h1>,(212) 706-8910,
<h1>Mark Greenberg Real Estate Co Inc</h1>,(212) 888-8811,
<h1>Solemanivella</h1>,(212) 686-2500,
<h1>Abn</h1>,(646) 912-9036,
<h1>Promethium Realty Corp</h1>,(212) 732-2910,SGrant@kulayoga.com
<h1>Williams Real Estate Co Inc</h1>,(212) 513-1292,
<h1>Century Realty</h1>,(212) 240-9680,
<h1>African American Realty Co</h1>,(212) 292-2707,
<h1>80 Lafayette Associates</h1>,(212) 267-2669,
<h1>Small Commercial Property Owners</h1>,(212) 634-9777,
<h1>Rose Associates Inc</h1>,(646) 414-0011,
<h1>Oursquare Inc</h1>,(212) 227-7455,
<h1>Savoy Real Estate</h1>,(212) 349-5759,
<h1>Tudor City Realty</h1>,(212) 842-0887,
<h1>Whitman-Oaks Inc</h1>,(212) 334-5264,info@entitysource.com
<h1>Jack Resnick &amp; Sons</h1>,(212) 608-5827,resnick-hr@resnicknyc.com
<h1>Gateway Realty Group</h1>,(718) 471-5224,
<h1>Jjsl Development Inc</h1>,(212) 528-9250,
<h1>Lamb Realty</h1>,(212) 566-8866,
<h1>Tabak Real Estate</h1>,(212) 962-0356,
<h1>Ann Street Properties Group</h1>,(212) 619-6825,
<h1>Benchmark Real Estate</h1>,(212) 431-2674,
<h1>Douglas Elliman Real Estate</h1>,(212) 227-1490,
<h1>172 Duane Street Realty</h1>,(212) 941-7901,support@propertyshark.com
<h1>Public Data Systems Inc</h1>,(212) 941-6216,earle@ldsys.net
<h1>Four Hundred Group</h1>,(212) 964-2926,
<h1>Cortlandt Realty</h1>,(212) 219-0217,contact@midlandrealtyny.com
<h1>Ovation Realty Corp</h1>,(917) 620-9199,
<h1>L B B Associates Inc</h1>,(212) 964-3777,
<h1>19-21 Beekman Holdings</h1>,(212) 608-6675,
<h1>Boston Properties</h1>,(212) 871-1959,srosenberg@bostonproperties.com
<h1>Leonard Street Properties Group Ltd</h1>,(212) 966-5486,
<h1>City Side Realty Corp Inc</h1>,(800) 805-6605,
<h1>56 Leonard</h1>,(212) 965-1500,info@56leonardtribeca.com
<h1>Dcas</h1>,(212) 566-3724,
<h1>Park Row 9 &amp; 10</h1>,(212) 346-9831,joed@jandr.com
<h1>Freeman Frazier And Associates Inc</h1>,(212) 732-1442,jfreeman@freemanfrazier.com
<h1>Seven Dey St Corp</h1>,(212) 964-1886,mikea@lacormech.com
<h1>Kit Tzing Lee Kaun Realty Inc</h1>,(212) 925-0390,
<h1>Lin Pan International Realty</h1>,(212) 680-0188,
<h1>Summit Associates</h1>,(212) 608-5588,mark@liptonassoc.com
<h1>Gage Rand Realty Inc</h1>,(212) 349-1010,
<h1>Oestreicher Properties Inc</h1>,(646) 497-0102,
<h1>Prudential Real Estate</h1>,(646) 613-0778,
<h1>Rice Bowl Realty Corp</h1>,(212) 608-9072,
<h1>Jay Street Condominium</h1>,(212) 226-0941,
<h1>Everest Realty Company Inc</h1>,(212) 966-2135,info@BroadwayRealty.com
<h1>Baum Enterprises</h1>,(212) 219-0441,
<h1>Inhouse Group Inc</h1>,(212) 965-0917,serge@aloudstudio.com
<h1>Actis</h1>,(212) 226-8752,
<h1>37 Murray St Condo</h1>,(212) 343-0005,
<h1>Augie Hasho &amp; Assocs</h1>,(212) 349-5640,
<h1>Century Realty</h1>,(212) 791-7546,dkuz@yahoo.com
<h1>One Sixteen Inc</h1>,(212) 966-6086,
<h1>Surrey Equities</h1>,(212) 619-3700,info@surreyequities.com
<h1>White Acres Equities</h1>,(212) 732-3900,
<h1>Teddy's Realty Assoc</h1>,(212) 343-0005,
<h1>Benchmark Real Estate</h1>,(212) 966-3075,
<h1>Ya Zhou Wen Hua Enterprises</h1>,(646) 613-8209,
<h1>Cushman &amp; Wakefield Inc</h1>,(212) 233-1278,
<h1>156 William Street Owner</h1>,(212) 233-7266,
<h1>East Realty</h1>,(212) 587-6100,
<h1>90 Nassau</h1>,(212) 962-3687,
<h1>Cedar Management Corp</h1>,(212) 227-9657,
<h1>55 White Street Condominiums</h1>,(212) 219-2267,
<h1>Depository Trust Co</h1>,(212) 608-8912,forummoderator@legallanguage.com
<h1>21-23 Maiden Lane Realty</h1>,(212) 732-3436,
<h1>6 East 97st</h1>,(212) 879-5656,
<h1>Yjl Holdings</h1>,(212) 732-3436,info@delval.biz
<h1>Gold Medal U S A Inc</h1>,(212) 349-2371,
<h1>Matera Management Co</h1>,(212) 966-9783,
<h1>Kedzkidz Realty</h1>,(212) 226-1707,
<h1>D S A Realty Service</h1>,(212) 693-0200,
<h1>Century 21</h1>,(212) 775-0021,
<h1>Kessaris Apt Building</h1>,(646) 869-0137,
<h1>Super Connection</h1>,(212) 226-0561,
<h1>Shushana</h1>,(212) 966-6765,
<h1>Royal Realty Inc</h1>,(212) 766-0825,
<h1>C M &amp; F Group</h1>,(212) 233-8911,RSullivan@cmfgroup.com
<h1>The Valley Discount Properties</h1>,(929) 224-3829,
<h1>Lavemoure New York Inc</h1>,(212) 528-2000,
<h1>Ddg Warren Co 12 Warren St</h1>,(212) 766-0012,
<h1>130 William St Holding Co</h1>,(212) 233-7857,
<h1>Kuomintang New York Office</h1>,(212) 227-8905,
<h1>Newyork Funding</h1>,(212) 925-7739,
<h1>Mra Realties</h1>,(212) 226-8258,
<h1>Loft Properties Ltd</h1>,(646) 484-6492,
<h1>222 West Bway</h1>,(212) 226-9133,
<h1>Douglas Elliman</h1>,(212) 625-6801,
<h1>Lily Realty</h1>,(212) 219-0971,
<h1>58 Walker Street Condo</h1>,(212) 226-6257,
<h1>Abc Realty</h1>,(212) 334-2151,
<h1>27 Cliff Street Realty</h1>,(212) 285-2700,
<h1>Harrison Residence</h1>,(212) 966-6892,
<h1>Tungdot Inc</h1>,(212) 966-0515,
<h1>State of New York</h1>,(212) 962-2300,
<h1>E Lipkus Co</h1>,(212) 925-4023,
<h1>Shushana Co</h1>,(212) 925-4023,
<h1>Hhq Acquisitions</h1>,(212) 232-0387,
<h1>8 Beach Realty</h1>,(212) 966-3419,
<h1>Stribling &amp; Associates</h1>,(646) 613-2600,ealvarez@stribling.com
<h1>Kingfook Realty Corp</h1>,(212) 431-3860,
<h1>Morris Bailey Management Co</h1>,(212) 566-4612,levy@blueswitch.com
<h1>Us Time Base Ntp Ppp Access</h1>,(212) 453-4856,
<h1>14 Maiden Lane Associates</h1>,(212) 785-0484,
<h1>Acacia Financial Group</h1>,(212) 432-4021,
<h1>Libery Place Commons</h1>,(212) 962-3411,
<h1>180 Franklin Lofts Ltd</h1>,(212) 966-1975,
<h1>Independence Plaza Associates</h1>,(646) 717-6454,info@eckerwindow.com
<h1>170 Henry Street Realty Corp</h1>,(212) 571-0424,
<h1>Fortress Baobob</h1>,(212) 334-8004,
<h1>Milstein Properties</h1>,(212) 945-4792,
<h1>Michael Salove Company</h1>,(212) 227-0227,
<h1>Zerlina Properties Corp</h1>,(212) 925-2417,
<h1>King Fook Realty</h1>,(212) 941-9986,
<h1>Maray Co</h1>,(212) 226-4229,
<h1>Chodosh Realty Inc</h1>,(212) 966-8500,
<h1>Reliance Realty of Manhattan</h1>,(212) 966-2788,jose@rrnow.info
<h1>A O Realty</h1>,(212) 349-8080,chi_shiu@hotmail.com
<h1>The Benchmark Co</h1>,(212) 312-6700,media@benchmarkcompany.com
<h1>Asiam Group Inc</h1>,(212) 925-3988,
"<h1>GFI Management Services, Inc</h1>",(212) 668-1444,
<h1>Broad Street Capital</h1>,(212) 490-4323,info@broadstreetcap.com
<h1>100 John Mazal</h1>,(212) 706-8316,
<h1>G V A Williams Real Estate</h1>,(212) 858-7651,dkkoga@panix.com
<h1>Avant-Garde Realty Group Inc</h1>,(212) 766-1111,
<h1>Pep Real Estate</h1>,(212) 925-3280,office@peprealestate.com
<h1>Berger Lower East End Realty</h1>,(212) 274-8383,
<h1>7 Wu Real Estate Ltd</h1>,(212) 226-4512,
<h1>Lichin Co</h1>,(212) 349-8080,
<h1>Mazal Group</h1>,(212) 964-3060,
<h1>Lis-Op</h1>,(212) 343-0884,
<h1>Leichestershire Arms Ltd</h1>,(212) 274-8761,andy@zoogy.com
<h1>Lighthouse Capital Partners</h1>,(212) 858-7595,info@seachangecap.org
<h1>Ktr Capital Partners</h1>,(646) 233-4890,info@seachangecap.org
<h1>90 William St</h1>,(212) 269-0323,
<h1>Jordan Gurland Enterprises</h1>,(212) 226-4958,
<h1>Colliers International</h1>,(212) 858-7651,
<h1>Transworld Realty Co</h1>,(212) 406-0686,info@BroadwayRealty.com
<h1>Hing Wong Realty Inc</h1>,(212) 625-2627,
<h1>Wing Tat Realty</h1>,(212) 966-2305,
<h1>Nmg Corp</h1>,(212) 226-8400,
<h1>E K R Realty Co Inc</h1>,(212) 925-2498,
<h1>Vornado</h1>,(646) 767-0339,
<h1>123 Lafayette</h1>,(212) 226-8679,
<h1>Sag Development Partners</h1>,(212) 775-0015,
<h1>Ldlsatc Realty Corp</h1>,(212) 619-0797,
<h1>Cushman &amp; Wakefield Inc Buildings</h1>,(212) 267-1197,
<h1>P S Realty</h1>,(212) 367-0908,
<h1>The Durst Organization</h1>,(212) 227-6959,
<h1>Broad-Wall Co</h1>,(212) 943-4080,
<h1>Yarrow Inc</h1>,(646) 214-0401,
<h1>Kwan Wah &amp; Son Realty Corp</h1>,(212) 219-0944,
<h1>Forty Two Bway Bldg</h1>,(212) 943-4080,
<h1>Won &amp; Har Realty</h1>,(212) 791-7923,
<h1>AgentVet</h1>,(413) 842-6866,
<h1>5 Crosby Inc</h1>,(212) 219-3291,
<h1>17 John St Associates</h1>,(212) 706-2388,
<h1>49 Ocean Inc</h1>,(212) 226-1777,support@plantpeople.co
<h1>Jsm Properties</h1>,(646) 613-1564,
<h1>Irving Raber Co Inc</h1>,(212) 925-1950,
<h1>Zin Design</h1>,(617) 797-5606,
<h1>Cushman &amp; Wakefield</h1>,(212) 233-4248,
<h1>Elika Real Estate</h1>,(212) 590-0540,info@luxurymanhattanproperty.com
<h1>New Shengyi Services Inc</h1>,(212) 226-8834,
<h1>Boquen Realty Inc</h1>,(212) 267-7895,
<h1>Anne Scarano</h1>,(212) 431-4678,
<h1>Risk Metrics Group</h1>,(212) 981-7500,
<h1>Multi Capital Group 1</h1>,(212) 742-9300,
<h1>Tt &amp; Pp Real Estate</h1>,(212) 226-8960,
<h1>Kee Yit Realty</h1>,(212) 267-2742,
<h1>460 Park Associates</h1>,(212) 221-8300,jjpassoc@aol.com
<h1>Mas Management</h1>,(212) 629-0555,
<h1>Milstein Properties Club 39</h1>,(212) 945-4200,
<h1>Tongs Realty Corp</h1>,(212) 226-8150,
<h1>Dadourian Management</h1>,(212) 941-1483,
<h1>Baldwin Realty Co Inc</h1>,(212) 349-0015,
<h1>Davis Tong Inc</h1>,(212) 290-8686,jdpromo33@aol.com
<h1>Grenadier Realty Corp</h1>,(212) 759-8660,
<h1>High Gate Properties</h1>,(212) 602-9972,
<h1>River Terrace Associates</h1>,(212) 945-2906,
<h1>East Egg Realty</h1>,(917) 284-6353,
<h1>Man Yun Real Estate Corp</h1>,(212) 941-0584,
<h1>Dallien Realty</h1>,(212) 257-2127,
<h1>Mountbrook Usa</h1>,(212) 334-3034,
<h1>Kee Yip Realty Corp</h1>,(212) 925-5629,
<h1>Ync Realty Corporation</h1>,(212) 219-8882,
<h1>Rockrose Leasing</h1>,(212) 430-5772,
<h1>Brennan Max</h1>,(212) 226-0169,
<h1>Riverhouse One Rockefeller Park</h1>,(212) 204-8560,
<h1>City Square Group</h1>,(212) 742-2739,
<h1>Newmark &amp; Co Real Estate</h1>,(212) 587-8950,anna@penmarkrealty.com
<h1>Pel-Rai Realty Inc</h1>,(212) 219-1420,
<h1>Resnick Seaport</h1>,(212) 652-0047,
<h1>Bms Realty Assoc Inc</h1>,(212) 809-2371,
<h1>Jjs Real Estate of Ny</h1>,(212) 219-2742,
<h1>Westbury Realty</h1>,(212) 566-5511,
<h1>Westbury Realty Inc</h1>,(212) 566-5511,
<h1>Delma Properties</h1>,(212) 355-4335,sales@delma-gz.com
<h1>153 Lafayette Street Realty Corp</h1>,(212) 431-9161,
<h1>Residence Real Estate Ltd</h1>,(212) 226-2700,
<h1>Winoker Realty Co</h1>,(212) 925-8608,
<h1>Uhab</h1>,(212) 742-0450,weaver@uhab.org
<h1>Realty Of Usa Inc</h1>,(212) 732-0257,
<h1>Realty Corp</h1>,(212) 966-7880,
<h1>Canal Bridge Realty Inc</h1>,(212) 219-1630,
<h1>Bouklis Group</h1>,(212) 402-7856,tom@bouklisgroup.com
<h1>Soho 54</h1>,(212) 625-1016,
<h1>Grand Development Realty</h1>,(212) 920-8393,
<h1>128-138 Mott St</h1>,(212) 431-3450,
<h1>Global Asia Inc</h1>,(914) 314-3335,globalasiainc@ymail.com
<h1>Beam Development Realty</h1>,(212) 625-9557,
<h1>Great China International Tours</h1>,(212) 233-1000,may@greatchinatours.net
<h1>Leba Realty Co.</h1>,(212) 219-8728,
<h1>Emerson Realty</h1>,(212) 618-1454,
<h1>Grand Realty Co</h1>,(212) 226-0452,wkuhldsign@aol.com
<h1>Pacific Bridge Associates</h1>,(212) 618-1985,
<h1>Alphaneed Realty-Zone Alphaneed</h1>,(212) 732-2988,
<h1>The Summit Group</h1>,(212) 618-1428,
<h1>Village Focus</h1>,(212) 618-1260,
<h1>Jaypee International</h1>,(212) 618-1290,
<h1>Sterling Realty Services</h1>,(212) 618-1590,
<h1>Inprima USA Inc</h1>,(212) 319-8430,
<h1>125 Maiden Equities</h1>,(212) 248-9550,jfrank@timeequities.com
<h1>Atria Properties</h1>,(646) 568-3175,info@atrianyc.com
<h1>2000 Synergon</h1>,(646) 723-5300,
<h1>Time Equities Inc</h1>,(212) 586-0906,
<h1>Oestreicher Properties Inc</h1>,(212) 941-9870,
<h1>United Dominion Realty Trust</h1>,(212) 742-9595,
<h1>Marolda Properties Inc</h1>,(212) 480-1122,
<h1>The Cocoa Exchange</h1>,(212) 344-0208,
<h1>Professional Practice Developers</h1>,(800) 872-3627,
<h1>19 Rector St</h1>,(212) 514-5106,
<h1>Mccrohan Eileen</h1>,(212) 267-7628,
<h1>W L Yee &amp; Co</h1>,(212) 226-0235,info@wlyco.com
<h1>40 Wooster St Realty Corp</h1>,(212) 941-5922,
<h1>Magnum Realty Holdings</h1>,(212) 344-9199,listings@magnumres.com
<h1>Paddington Town Real Estate Paddington Town Real Estate</h1>,(212) 227-2252,
<h1>62-54 Mulberry Street Corp</h1>,(212) 267-4766,
<h1>Yee &amp; Yee Real Estate</h1>,(212) 219-3486,
<h1>476 Broadway Realty Corp</h1>,(212) 226-5592,mrolland@corcoran.com
<h1>Monarch Real Estate</h1>,(212) 863-9795,
<h1>JSBO Realty &amp; Capital Inc</h1>,(212) 996-0303,
"<h1>Williams, Peter A</h1>",(212) 431-5296,
<h1>Williamson Picket Gross Inc</h1>,(212) 267-2820,info@317madisonave.com
<h1>Koll</h1>,(212) 962-5808,
<h1>44 Wall Owner</h1>,(212) 344-7758,
<h1>Multi Capital Group</h1>,(212) 742-0707,Steven@CosmosCapitalGroup.com
<h1>United Realty Capital</h1>,(212) 235-5161,
<h1>Urban America</h1>,(212) 461-7182,
<h1>J Hill Associates</h1>,(212) 619-0163,mathiason@netstep.net
<h1>Goldstein David</h1>,(212) 483-9600,
<h1>Blackstone America Incorporated</h1>,(212) 918-4505,
<h1>Rector Trinity Associates</h1>,(212) 619-5920,
<h1>The Pyne Companies LTD</h1>,(212) 269-4888,carter.byrnes@cbre.com
<h1>Prodigy Networks</h1>,(917) 546-4217,
<h1>Hibernian Holdings</h1>,(212) 729-8607,
<h1>Kamenitzer Real Estate</h1>,(212) 482-1500,edk@edkamenitzerrealestate.com
<h1>Newmark Realty &amp; Co</h1>,(212) 825-0365,
<h1>Jacobs And Prosek</h1>,(646) 365-0193,
<h1>Hong Wah Realty Corp</h1>,(212) 966-4832,Brian@longinesrealty.com
<h1>Town House Real Estate</h1>,(212) 480-8000,
<h1>195 Hudson St Condominium</h1>,(212) 274-9541,
<h1>Time Equities Inc</h1>,(212) 269-0751,
<h1>Levy &amp; Nau P C</h1>,(212) 480-8000,
<h1>40 Exchange Place Corp</h1>,(212) 422-2135,
<h1>Phyl Carol Realty Corp</h1>,(212) 966-0147,
<h1>Asian Inc</h1>,(212) 966-8883,
<h1>Jiang Kai Fu</h1>,(646) 392-4225,
<h1>Norps Ltd</h1>,(212) 267-8848,
<h1>Orient Overseas Associates</h1>,(212) 968-7706,
<h1>Velez Organization</h1>,(212) 684-5500,
<h1>21st Century Propperties Of Nyc Builders Designers &amp; Builders</h1>,(212) 514-5419,
<h1>New York Bay Int'l Ltd</h1>,(212) 908-1180,
<h1>Kg Crowne Corp</h1>,(212) 809-8860,
<h1>General Growth Properties</h1>,(212) 785-0466,
<h1>Penmark Realty</h1>,(212) 361-3700,
<h1>Ascot Properties Inc</h1>,(212) 247-8477,
<h1>Cantor Richard Inc</h1>,(212) 925-3333,
<h1>Park South Realty Co Inc</h1>,(212) 489-2333,
<h1>Hetzler William</h1>,(212) 226-1605,
<h1>Vornado Office Management</h1>,(646) 613-1680,information@vno.com
<h1>54 Green Street Realty Corp</h1>,(212) 925-9873,
<h1>Greenwich Club Residences</h1>,(212) 514-5160,greenwich.hall@nyu.edu
<h1>Urban America Lp</h1>,(212) 612-9100,rmccoy@urbanamericaprincipals3.com
<h1>Fine &amp; Co Wtchmkrs Supls</h1>,(212) 925-4239,klarkush@mindspring.com
<h1>Premier Metro Realty</h1>,(212) 660-2211,
<h1>Heng Sang Realty Corp</h1>,(212) 966-3777,mfung150@aol.com
<h1>Square Square</h1>,(646) 452-5612,
<h1>Anderson Associates</h1>,(213) 608-0855,info@morrisanderson.com
<h1>CB Richard Ellis</h1>,(212) 248-2813,investorrelations@cbre.com
<h1>Tower Realty Management Corp</h1>,(646) 826-2155,
<h1>Zamir Equities</h1>,(212) 363-5093,
<h1>Collect Pond House Inc</h1>,(212) 227-8293,
<h1>Kennedy-Wilson</h1>,(212) 248-4026,
<h1>Nyc I School</h1>,(212) 226-2700,
<h1>Ibc-Pm Inc</h1>,(212) 343-2360,
<h1>Veracity</h1>,(212) 966-6868,webmaster@veracityrem.com
<h1>Jud Capital Inc</h1>,(212) 273-9600,
<h1>Valtech</h1>,(212) 755-3368,richo.strydom@valtech.co.uk
<h1>Cushman &amp; Wakefield</h1>,(212) 709-0700,benny_qosja@cushwake.com
<h1>Adams &amp; Adams</h1>,(212) 966-2712,
<h1>Be Real Company</h1>,(212) 925-3360,
<h1>Icy Realty Corp</h1>,(212) 233-3828,
<h1>Trinity Church Real Estate</h1>,(212) 966-1719,kjoseph@trinitywallstreet.org
<h1>L B 59 Realty Co</h1>,(212) 925-2215,
<h1>Broadway Manhattan Technology Corp</h1>,(212) 514-5441,melitza.martinez@cbre.com
<h1>Eav Realty</h1>,(212) 344-8401,
<h1>Moinian Group</h1>,(646) 414-0125,
<h1>Royal Realty</h1>,(646) 237-4600,
<h1>Beaver Equities Corp</h1>,(212) 344-1513,
<h1>R H S Ventures</h1>,(212) 584-9170,
<h1>Jrp</h1>,(212) 509-9409,
<h1>Thomas Fletcher &amp; Co</h1>,(212) 680-7405,
<h1>D R M S Assocs</h1>,(212) 943-4080,
<h1>Rainbow New York</h1>,(212) 269-3800,
<h1>Information Markets Corp</h1>,(212) 509-1492,
<h1>Downtown Turn Key Office Suites</h1>,(212) 509-0585,
<h1>High Rises</h1>,(347) 450-5769,
<h1>Mjci Realty of CA Inc</h1>,(212) 859-5004,
<h1>William Hahn Charles Magistro</h1>,(212) 966-3799,
<h1>Croften Properties</h1>,(855) 973-3603,
<h1>My Realty Inc</h1>,(212) 226-9688,
<h1>Schiffman David</h1>,(212) 925-9786,
<h1>57-63 Greene Street Condominium</h1>,(212) 941-0907,
<h1>Lovesjesus410 Realty</h1>,(929) 337-4599,
<h1>Essential Element</h1>,(877) 987-0999,ee@theeeellc.com
<h1>Concept Nyc Realty</h1>,(718) 404-8833,
<h1>Solofts</h1>,(212) 937-0077,
<h1>68-74 Thompson Realty</h1>,(212) 966-0194,
<h1>Jack Parker Corp</h1>,(212) 842-2784,bwwebmaster@businessweek.com
<h1>The Beekman Estate</h1>,(212) 344-3557,
<h1>Tong Fat Realty Corp</h1>,(212) 431-1233,Jay1026@hotmail.com
<h1>Workspace Inc</h1>,(212) 925-3952,
<h1>Malka Realty Corp</h1>,(212) 219-1151,info@nystorefixture.com
<h1>Batmimpea Inc</h1>,(212) 869-1490,sirhr@aol.com
<h1>Bayard House Condominium</h1>,(646) 613-1844,
<h1>Broadway 26 Waterview</h1>,(212) 344-2151,artmedia@bincode.com
<h1>Goldman Morris Real Estate</h1>,(212) 219-2648,
<h1>Propellor Realty</h1>,(212) 226-9762,
<h1>Luxury Manhattan Property</h1>,(212) 590-0545,
<h1>Constitution Realty</h1>,(212) 344-2150,
<h1>Real Estate</h1>,(212) 925-2025,
<h1>Cushman &amp; Wakefield</h1>,(212) 422-7277,web@www.cushmanwakefield.com
<h1>Proplink Inc</h1>,(212) 219-3828,
<h1>Jones Lang La Salle</h1>,(212) 248-0356,
<h1>Empire Realty Services</h1>,(917) 724-2382,contact@empirersllc.com
<h1>Ny Cosmos</h1>,(212) 343-3190,help@nycosmosshop.com
<h1>Ponte Equities Inc</h1>,(212) 274-8224,
<h1>First Mott</h1>,(212) 219-0349,
<h1>Yuet Ho Realty Corp</h1>,(212) 219-8981,
<h1>Ecosys Management</h1>,(212) 425-0500,
<h1>New York State Insurance Dept</h1>,(212) 480-6400,
<h1>55 Orchard Street</h1>,(212) 226-5335,
<h1>547 Broadway Realty</h1>,(212) 925-2481,
<h1>Latent Productions</h1>,(646) 336-9696,latent@latentnyc.com
<h1>Gutierrez Cesar</h1>,(646) 861-3863,
<h1>M Klein Realty &amp; Mgmt Corp</h1>,(212) 431-6345,
<h1>Cogent Realty Advisors Inc</h1>,(212) 509-4049,
<h1>Gild Property Group</h1>,(646) 964-5756,
<h1>Spre Realty Ltd</h1>,(212) 343-1909,sales@alliedbrass.com
<h1>Ponte Equities Inc</h1>,(212) 966-2625,
<h1>Mb Real Estate Services Lls</h1>,(212) 809-7777,careers.international@willis.com
<h1>Fsf Realty</h1>,(212) 361-0096,
<h1>Noh Realty Corp</h1>,(212) 219-2972,
<h1>SL Green Realty Corp</h1>,(646) 613-8726,
<h1>Aristocrat Management Inc</h1>,(212) 529-6830,
<h1>New York Next LCC</h1>,(917) 934-3484,contact@newyorknext.com
<h1>Newmark &amp; Company Real Estate Inc</h1>,(646) 826-5660,
<h1>Cbre Ny209 Ny209</h1>,(212) 284-8000,
<h1>Soho Properties Licensed Real</h1>,(212) 966-9600,
<h1>WW Realty</h1>,(212) 462-1035,
<h1>Rose Associates</h1>,(212) 600-1588,eprohens@internetadvtg.com
<h1>Cb Richard Ellis</h1>,(212) 797-9840,
<h1>Alan Tam Real Estate Broker</h1>,(212) 966-9858,
<h1>Beaver St Realty</h1>,(212) 785-5570,
<h1>Realty Advisors New World</h1>,(646) 723-4700,
<h1>Donald C Judd Estate</h1>,(212) 219-2747,
<h1>Big Greene Eagle</h1>,(212) 334-5342,
<h1>Mocal Realty</h1>,(212) 683-4444,
<h1>Oscar Z Ianello Associates Inc</h1>,(212) 966-0070,
<h1>Cipriani 25 Broadway</h1>,(212) 785-7365,log@ballyfitness.com
<h1>Design And Acquistions</h1>,(212) 334-2170,
<h1>The Soho Building</h1>,(212) 226-3100,christineh@goldmanproperties.com
<h1>Tnv Partners</h1>,(212) 219-8977,
<h1>S K Development Group Inc</h1>,(212) 741-7106,
<h1>Milstein Properties</h1>,(646) 822-9620,
<h1>110 Soho Corp</h1>,(212) 431-6064,
<h1>Broad Plaza</h1>,(212) 422-2454,
<h1>Bowery Square Corp</h1>,(212) 226-7369,rockout@theboweryelectric.com
<h1>419-421 Broadway Realty Corp</h1>,(212) 941-0676,
<h1>530 Canal St Realty Corp</h1>,(212) 925-2098,
<h1>Real Estate Resource Group</h1>,(212) 625-9650,
<h1>Ring F M Assoc Inc</h1>,(212) 691-4909,
<h1>Calliope Associates</h1>,(212) 925-9492,sales@wooster-products.com
<h1>Kingstone Realty Ny Inc</h1>,(212) 941-5009,
<h1>Praxis Housing Initiatives Inc</h1>,(212) 293-8404,info@praxishousing.org
<h1>Chemarine Inc</h1>,(212) 344-2450,
<h1>206 Spring</h1>,(212) 966-0323,
<h1>Loft Industries Inc</h1>,(212) 414-9424,
<h1>Industry Nine Five</h1>,(212) 242-1245,
<h1>Wooster 100 Realty</h1>,(212) 966-3894,
<h1>Medina Jose A</h1>,(212) 966-0972,
<h1>Greene St Properties</h1>,(212) 226-6950,
<h1>Criag Marine &amp; Aviation Inc</h1>,(212) 837-7823,
<h1>Creative Commerce Porperties</h1>,(212) 625-1700,info@creativecommerce.com
<h1>RP Real Estate Solutions</h1>,(212) 837-7965,
<h1>482 Greenwich</h1>,(212) 966-4131,ben@88greenwich.com
<h1>Schack Realty Co Inc</h1>,(212) 966-9090,lschack@columbiaequities.com
<h1>65 Spring Realty</h1>,(212) 219-3606,
<h1>Titan Realty Nyc</h1>,(212) 966-2467,
<h1>David Kooy Investments</h1>,(212) 566-0800,
<h1>Cldn Ny</h1>,(212) 966-6871,scalenewyork@gmail.com
<h1>Common Ground Andrews</h1>,(212) 674-4938,
<h1>Reserve Realty</h1>,(212) 785-1100,
<h1>Delphi Real Estate Advisors</h1>,(212) 528-1400,
<h1>Salon Realty Corp</h1>,(212) 226-1064,
<h1>Mirchandani Real Estate</h1>,(212) 222-2239,
<h1>Nest Seekers</h1>,(310) 278-8861,
<h1>Amsland Partnersh</h1>,(212) 966-2167,
<h1>Cushman &amp; Wakefield Inc</h1>,(212) 425-1058,
<h1>Van-Hun Realty Co</h1>,(212) 929-5882,
<h1>Asb 72-76 Greene Stree</h1>,(212) 966-3810,
<h1>Well Sixty Broad Street</h1>,(646) 998-7042,
<h1>Page Managmnt Co Inc</h1>,(212) 219-3990,rentals@pageapartments.com
<h1>Broad Prince Realty</h1>,(212) 334-5589,
<h1>Grubb &amp; Ellis Commercial Real Estate Services</h1>,(212) 812-8600,
<h1>Epic-cr</h1>,(212) 682-7878,
<h1>27 Whitehall St Group</h1>,(212) 509-3599,
<h1>New York Shun On Realty Development Inc</h1>,(212) 473-3835,
<h1>Milgrim Trust</h1>,(212) 228-4174,
<h1>D &amp; D Realty</h1>,(212) 255-6323,
<h1>Grand Success Realty</h1>,(212) 353-9375,
<h1>Allen Orchard</h1>,(212) 228-8322,
<h1>Tck</h1>,(212) 343-4293,
<h1>Sellers Realty Group</h1>,(212) 482-0000,
<h1>Rxr Realty</h1>,(212) 797-1010,info@212realty.net
<h1>Grenadier Realty Corp</h1>,(212) 964-0879,
<h1>110 Realty Equities</h1>,(212) 334-3154,
<h1>Dartmouth Co</h1>,(212) 687-2400,
<h1>Isaacs &amp; Co</h1>,(212) 966-5500,info@isaacsandcompany.com
<h1>Q Properties</h1>,(800) 326-7051,
<h1>Forward Building</h1>,(212) 254-2363,
<h1>West 8 New York Inc</h1>,(212) 206-1099,
<h1>Madison Development</h1>,(212) 966-6109,
<h1>Fbe Limited</h1>,(212) 425-0193,
<h1>Officine Creative</h1>,(646) 649-5142,
<h1>Fig Capital</h1>,(212) 938-3600,
<h1>Cargo Ventures</h1>,(212) 248-3111,
<h1>Allied Partners</h1>,(212) 219-0688,newyork@publicallies.org
<h1>Scotti Graphics Inc</h1>,(212) 691-6644,
<h1>Digital Realty Trust</h1>,(212) 480-9049,
<h1>Urban Marketing Realty</h1>,(212) 635-5555,
<h1>Annapurna Real Estate Corp</h1>,(212) 226-7517,
<h1>Newmark &amp; Co</h1>,(212) 431-9353,Michael@groupcsi.com
<h1>Hanja Siim</h1>,(212) 777-0090,
<h1>Patriot Usa</h1>,(212) 751-1001,
<h1>Village and Soho Realty</h1>,(212) 228-4556,
<h1>Cushman And Wakefield Inc</h1>,(212) 363-5790,
<h1>Common Space</h1>,(212) 777-6300,
<h1>457-461 Loft Spaces Inc</h1>,(212) 614-9980,
<h1>Trizechahn</h1>,(212) 483-0771,
<h1>Grenadier Realty Corp</h1>,(212) 267-3296,
<h1>Unico</h1>,(212) 837-2504,
<h1>Rinel Realty-Ec Realty Holdings</h1>,(212) 260-7208,
<h1>Soho King Group</h1>,(212) 627-7383,
<h1>The Dermot Group</h1>,(212) 943-6297,
<h1>Clarke A J</h1>,(212) 675-3066,
<h1>2 King St Apartments Corp</h1>,(212) 255-4357,
<h1>185 Varick Realty Corp</h1>,(212) 675-5700,
<h1>Trinity Real Estate Trinity Real Estate</h1>,(212) 602-0860,jason.guberman@trinityprods.com
<h1>Chu &amp; Lee Realty Chu &amp; Lee Realty</h1>,(212) 349-2997,
<h1>Ua</h1>,(212) 941-9500,
<h1>Noho Strategic Ventur</h1>,(212) 260-7208,
<h1>Olmstead Properties</h1>,(212) 740-3831,
<h1>Prudential Real Estate</h1>,(212) 460-0655,
<h1>Dumann</h1>,(212) 505-6300,
<h1>Arbatax Properties</h1>,(212) 627-9237,
<h1>180 Varick Street</h1>,(212) 741-3831,
<h1>Baby Grand Realty Inc</h1>,(212) 204-8776,
<h1>M D Carlisle Realty Corp</h1>,(212) 529-2254,
<h1>Rose-Ann</h1>,(212) 334-3157,
<h1>Reality Productions Ny</h1>,(212) 625-3488,
<h1>55 Houston Realty</h1>,(212) 431-4890,
<h1>Extel Varick</h1>,(212) 414-9069,
<h1>Seward Park Housing</h1>,(212) 260-3198,
<h1>Wilder Realty</h1>,(646) 398-9811,
<h1>62 Rivington Homeowners Assoication Inc</h1>,(212) 780-0603,
<h1>Yung DNT</h1>,(212) 226-2985,
<h1>Morolda Properties</h1>,(212) 965-0277,
<h1>Septober Realty</h1>,(212) 206-7586,
<h1>Metropolitan Homes Real Estate Group</h1>,(347) 801-2700,
<h1>Hf Hewitt Realty</h1>,(212) 995-9203,hfhewittrealty@aol.com
<h1>Tom Ennis Associates Inc</h1>,(212) 460-5833,
<h1>One Six Eight Ludlow Real Estate Corporation</h1>,(646) 657-0730,
<h1>Rubberband International</h1>,(212) 677-8603,
<h1>Goldman Properties</h1>,(212) 358-1600,
<h1>Green City Realty Inc</h1>,(212) 388-0481,
<h1>Landmark Real Estate Management Inc</h1>,(212) 387-8877,
<h1>Renaissance Developers</h1>,(212) 529-0598,
<h1>H B First New Amsterdam Corp</h1>,(212) 677-1160,
<h1>Quincy PLUS Real Estate Group</h1>,(347) 831-8072,
<h1>Bremen House Inc</h1>,(212) 533-3294,
<h1>Shulsky E</h1>,(212) 677-8784,
<h1>Tishman Speyer</h1>,(212) 337-3150,gurgaon@tishmanspeyer.com
<h1>Performing Real Estate Strategies</h1>,(212) 460-8780,
<h1>136 Ludlow Realty Co</h1>,(212) 260-4141,
<h1>Winhaven Mgmt Svcs</h1>,(212) 533-0308,
<h1>Heller Realty</h1>,(212) 260-7590,
<h1>Silver Towers</h1>,(212) 677-4508,admissions.ops@nyu.edu
<h1>636 Broadway Associates</h1>,(212) 254-7701,
<h1>Bold New York</h1>,(212) 777-7864,connect@boldnewyork.com
<h1>Grenadier Realty Corp</h1>,(212) 964-0332,
<h1>DSLM Associates Inc</h1>,(646) 998-3456,
<h1>Orangy Cordero</h1>,(212) 979-1387,
<h1>Y And H Realty</h1>,(212) 477-5485,
<h1>Clinton Towers Apartment Corp</h1>,(718) 596-3430,
<h1>Bill Gray Associates</h1>,(212) 570-2518,
<h1>Goldman Properties</h1>,(646) 892-3958,
<h1>Vista Realty Enterprises Corpo</h1>,(212) 777-2413,
<h1>U S Girlz Entertainment Group</h1>,(212) 613-1680,
<h1>Residence Diplomat Inc</h1>,(212) 371-6029,
<h1>49 Clinton Properties</h1>,(212) 353-2609,
<h1>Pine Management Inc</h1>,(212) 222-0678,info@pinemanagement.com
<h1>Helgar Realty Co</h1>,(212) 254-5980,
<h1>Manhattan Ny 10014 110 Leroy</h1>,(212) 463-8038,
<h1>Realogy Corporation</h1>,(212) 982-8136,
<h1>Belvedere Capital</h1>,(212) 675-0421,
<h1>Realty J &amp; A</h1>,(212) 645-0105,
<h1>B R J Enterprises Inc</h1>,(212) 228-4127,
<h1>Waverly Apartment Services Inc</h1>,(212) 929-5552,inquire@waverlyrealtyassociates.com
<h1>Great Jones Studio Inc</h1>,(212) 228-6423,
<h1>Great Jones Fitness</h1>,(646) 707-3249,
<h1>Rivington Realty</h1>,(212) 420-1827,
<h1>Jordan Realty</h1>,(212) 358-7017,
<h1>Broadway Central Property Inc</h1>,(212) 475-3214,
<h1>Infinite Realty</h1>,(212) 777-3725,
<h1>Carrickmore P&amp;D</h1>,(212) 206-9950,
<h1>148 Rivington St Development</h1>,(212) 780-5720,
<h1>Avian Village Realty</h1>,(212) 691-0906,avianvillagerealty@gmail.com
<h1>Village View Housing Corp</h1>,(212) 387-9087,
<h1>New York Properties</h1>,(212) 807-0650,
<h1>Institute Of Public Administration</h1>,(212) 992-9898,herb.waldhauser@nyu.edu
<h1>chrome residential</h1>,(347) 697-5792,jacob@chromeresidential.com
<h1>Iraqui Real Estate John</h1>,(212) 576-8888,
<h1>Fenwick Keats Realty</h1>,(212) 372-2900,fk@fenwickkeats.com
<h1>Gochman Group Inc</h1>,(212) 509-5005,
<h1>Bourgeois Pig</h1>,(212) 475-2246,ravi@bourgeoispigny.com
<h1>Washington Square Realty Corp</h1>,(212) 477-4957,
<h1>Meringoff Properties Inc</h1>,(212) 228-6752,
<h1>Morton West Associates</h1>,(212) 741-5329,
<h1>David Licensed Chow RL EST</h1>,(212) 674-8888,
<h1>K Dew Realty Corp</h1>,(212) 388-1530,
<h1>Merchants Properties Inc</h1>,(212) 475-2280,
<h1>D H Development Group</h1>,(212) 352-1022,
<h1>Premier Realty Advisors</h1>,(212) 260-3190,
<h1>Elite Plus Realty Group Inc</h1>,(212) 473-1818,info@eliteplusre.com
<h1>Atlantic Development Group</h1>,(212) 353-2634,
<h1>2 Square</h1>,(212) 253-0203,2cooper@rosenyc.com
<h1>David Gruber Real Estate</h1>,(646) 752-4954,
<h1>318 E Six Realty</h1>,(212) 677-7067,
<h1>Duell</h1>,(212) 228-5861,
<h1>Dermot Realty Management</h1>,(212) 253-2884,
<h1>Aberdeen Realty Holdings</h1>,(212) 537-4796,
<h1>Citi Nest Group</h1>,(347) 844-9380,
<h1>Putnam Realty Co</h1>,(212) 807-0600,
<h1>Pitt Street LP</h1>,(212) 677-8161,
<h1>88 Washington Place</h1>,(212) 228-7726,
<h1>Snug Harbor Owners Inc</h1>,(212) 228-0349,
<h1>New Greenwich Associates</h1>,(212) 473-1010,
<h1>Green Realty Company</h1>,(212) 229-2549,
<h1>Broadway McKenna Building</h1>,(212) 388-1109,
<h1>Weinstein Reality Group</h1>,(212) 673-8017,
<h1>Gta</h1>,(212) 929-7770,
<h1>Bram Will El Inc</h1>,(212) 982-9539,
<h1>29 Jones Company</h1>,(212) 242-2799,
<h1>Rmh Management Corp</h1>,(212) 414-2791,
<h1>Alexander Anderson Real Estate Group</h1>,(212) 462-4299,
<h1>Madison St 371 Reality Corp</h1>,(212) 228-8783,
<h1>East Village Gardens Corp</h1>,(212) 254-6768,
<h1>Access Nyc Realty Inc</h1>,(212) 675-4393,
<h1>Mereda Realty Corp</h1>,(212) 420-1733,
<h1>Steller Management</h1>,(212) 228-4374,
<h1>Villager</h1>,(212) 229-1890,
<h1>Rasu Realty Corp</h1>,(212) 645-2189,
<h1>Lemma Realty Corp Inc</h1>,(212) 242-7999,
<h1>Ww Realty</h1>,(212) 462-1035,
<h1>First Roslyn Realty Co</h1>,(212) 255-0143,dhverdiner@aol.com
"<h1>Brill, William W</h1>",(212) 255-0143,
<h1>M &amp; A Bradford Properties</h1>,(212) 620-7530,
<h1>Hartz Mountain Industries</h1>,(212) 505-0761,
<h1>247 West Realty Corp</h1>,(212) 924-5316,
<h1>Kmg Waverly</h1>,(212) 741-1500,
<h1>Universal Realty</h1>,(646) 579-2749,
<h1>Juster Realty Co</h1>,(212) 290-1100,
<h1>Brevoorg East</h1>,(212) 254-1800,misterwiggly69@yahoo.com
<h1>Vornado Office Management</h1>,(212) 477-7033,
<h1>Vornado Realty Trust</h1>,(212) 477-7033,nhowell@vno.com
<h1>Huglou Realty Corp</h1>,(212) 228-7025,
<h1>Mlbkaye Realty</h1>,(212) 259-0500,
<h1>United Fifth</h1>,(212) 473-4674,
<h1>Return To Home</h1>,(646) 609-1917,
<h1>Larstrant Corp</h1>,(212) 353-9860,
<h1>Jumex Realty</h1>,(212) 242-5876,
<h1>Gioia Realty</h1>,(212) 420-1213,
<h1>Shapolsky Real Estaste</h1>,(212) 262-6042,
<h1>62-74 Owner</h1>,(212) 228-2871,
<h1>Wickoff Group</h1>,(212) 741-5071,
<h1>Ten Sheridan Associates</h1>,(212) 675-0545,
<h1>Shoen Realty Inc</h1>,(212) 226-4545,
"<h1>Jackson, Joseph, AGT</h1>",(212) 255-6925,
<h1>Avi Realty</h1>,(646) 741-4200,
<h1>West Village Associates Realty</h1>,(212) 255-2527,
<h1>Perry Street Development</h1>,(212) 206-7229,oneperry@ybnyc.com
<h1>Vincent James Management Co</h1>,(212) 532-4915,
<h1>25 26 East Owners Corp</h1>,(212) 533-0686,
<h1>Milton Ehrlich Inc</h1>,(212) 533-3162,pedrazas@yahoo.com
<h1>NAI Brannen Goddard</h1>,(404) 812-4000,
<h1>Reisner Realty LLC</h1>,(212) 254-5316,reisnerrealty@aol.com
<h1>Solil Management</h1>,(212) 260-1315,
<h1>24 Fifth Avenue Assoicates</h1>,(212) 473-2044,24fifthleasing@brodsky.com
<h1>One Christopher Realty</h1>,(212) 242-8033,
<h1>East River Housing</h1>,(212) 979-6844,
<h1>Bernic Enterprises Inc</h1>,(212) 675-2487,
<h1>Harris Realty Co</h1>,(212) 995-0597,
<h1>The Chetrit Group</h1>,(646) 230-9360,
<h1>Charles Realty Associates</h1>,(212) 633-0707,
<h1>Canop Designs Realty Monica</h1>,(212) 355-0033,
<h1>Eychner Associates</h1>,(212) 807-0700,adb@eychner.com
<h1>Mildred</h1>,(212) 466-4650,
<h1>Adams &amp; Wong Realty Group</h1>,(212) 243-2229,
<h1>H F Hewitt Realty</h1>,(212) 995-9203,
<h1>Solil Management</h1>,(212) 529-0599,legal@scoutcap.com
<h1>Dubren Ron &amp; Associates</h1>,(212) 477-2535,
<h1>Casa Victoria Hdfc</h1>,(646) 590-8591,
<h1>43 Tenants Corp</h1>,(646) 336-6839,florist@aristonflorist.com
<h1>12 Charles</h1>,(212) 367-2024,
<h1>Kamilla Equities</h1>,(212) 777-4578,
<h1>291 E 3rd Associates</h1>,(646) 654-6122,
<h1>ABC Realty</h1>,(212) 804-0536,
<h1>West 10 St Building</h1>,(212) 645-8905,mb@bakehousenyc.com
<h1>Supportcity</h1>,(212) 331-1175,
<h1>Thomas Campenni Co</h1>,(212) 228-0322,
<h1>Next Step Realty</h1>,(646) 568-1311,clients@thenextsteprealty.com
<h1>Namor Realty Co</h1>,(212) 254-0041,gramercyrentals@yahoo.com
<h1>Brady Patrick</h1>,(212) 777-1950,
<h1>Jr Equities</h1>,(212) 260-5246,
<h1>NYC Global Group</h1>,(646) 504-9196,clewis@kwnyc.com
<h1>423 West Development</h1>,(212) 675-0432,
<h1>29 31 Charles Street Realty</h1>,(212) 255-5157,
<h1>Park River Management</h1>,(212) 956-2419,info@dzineit.net
<h1>72 Manhattan Realty</h1>,(212) 477-8391,
<h1>Janet Aimone Robilotti &amp; Associates</h1>,(212) 475-2098,info@robilotti.com
<h1>Leeds Barbara Assoc Inc</h1>,(212) 598-3005,
<h1>Jakobson Properties</h1>,(212) 777-0673,
<h1>Rima Enterprises</h1>,(212) 475-1013,admin@missmodel.com
<h1>Realty</h1>,(212) 375-1530,chandru@rsnyrealty.com
"<h1>Houlihan, Lawrence - Lawrence Houlihan Inc</h1>",(212) 302-9426,
<h1>Panam Equities Inc</h1>,(212) 206-0450,
<h1>Mark Twain Owners Corp</h1>,(212) 924-7348,
<h1>Huglou Realty Corp</h1>,(212) 253-1168,
<h1>Verison Realty Corp</h1>,(212) 645-6500,
<h1>S Charatan Realty Inc</h1>,(212) 529-8866,Jack@CharatanRealty.com
<h1>Picken Real Estate Inc</h1>,(212) 979-2800,
<h1>Amalithone Realty Corp</h1>,(212) 677-1427,
<h1>99 105 3rd Ave</h1>,(212) 598-5805,
<h1>Banafsh Realty Inc Banafsh Realty Inc</h1>,(212) 727-2088,
<h1>Bistro Pierre Lapin Onion</h1>,(212) 858-6600,
<h1>Stock Properties</h1>,(212) 535-4963,
<h1>Firstservice Residential Rlty</h1>,(212) 634-5452,
<h1>Ditch The Space</h1>,(212) 348-2448,
<h1>Rw 3 Inc</h1>,(212) 691-8900,info@rw-3.com
<h1>The Cheshire Group</h1>,(212) 824-1190,info@cheshirellc.com
<h1>Burnham House Inc</h1>,(212) 260-4182,
<h1>View Realty</h1>,(973) 643-0299,
<h1>295 11 Street Owners</h1>,(212) 414-5961,
<h1>Extell Development</h1>,(212) 352-0132,
<h1>Yyy Third Av</h1>,(212) 460-5345,
<h1>Silver Rail Property Mgmt</h1>,(212) 255-9320,
<h1>Gotham Habitat Realty</h1>,(212) 726-3777,
<h1>Onyx Real Estate Advisors</h1>,(212) 260-0800,
<h1>Legov Realty</h1>,(212) 677-2632,
<h1>Available Spaces</h1>,(212) 255-6006,
<h1>Eleventh Realty</h1>,(212) 460-5123,
<h1>12 Realty Associates</h1>,(212) 243-3561,
<h1>1314 Development</h1>,(212) 807-1247,
<h1>Savanna Partners</h1>,(212) 229-0101,breiver@savannafund.com
<h1>Union Realty</h1>,(212) 254-1301,info@heritagerealtyservices.com
<h1>80 Fifth Avenue</h1>,(212) 924-7269,
<h1>The Brownstone '05</h1>,(212) 228-4260,
<h1>Red Brick Properties</h1>,(212) 727-7202,
<h1>Apartment Locks</h1>,(212) 933-4835,
<h1>S &amp; A Future Inc</h1>,(212) 627-4572,
<h1>Morris Jeff</h1>,(212) 242-1587,doug.p@sterlingconsultants.com
<h1>Realty Jkny</h1>,(212) 353-3537,
<h1>Broadwall Management Corp</h1>,(212) 254-0491,melitza.martinez@cbre.com
<h1>1314 Development</h1>,(212) 645-9852,
"<h1>Zellner, Maggie</h1>",(212) 979-6671,
<h1>Raluca Diana Bulai G &amp; G</h1>,(212) 539-9990,
<h1>Bond Real Estate</h1>,(212) 206-0284,
<h1>Msnyc Realty</h1>,(212) 505-2222,gramercyrentals@yahoo.com
<h1>Newmark &amp; Co Real Estate</h1>,(212) 924-1989,
<h1>View On 55 Court Corp</h1>,(212) 813-0130,
<h1>Spanos Real Estate</h1>,(212) 777-4591,
<h1>G &amp; G Broadway Terrace</h1>,(212) 539-9990,
<h1>One Irving Place Realty</h1>,(212) 674-9150,info@1irving.com
<h1>Zev Merzel</h1>,(212) 228-7599,
<h1>53 Murray</h1>,(212) 691-2623,
<h1>Hm Village Realty</h1>,(212) 675-2604,
<h1>114 W 14th Realty</h1>,(212) 691-2623,
<h1>105 E 15 Corp</h1>,(212) 777-7953,support@propertyshark.com
<h1>Trade Nyc Realty</h1>,(212) 488-0005,info@linkrenyc.com
<h1>Nice Park 22</h1>,(212) 228-6734,
<h1>Cambridge Owners Inc</h1>,(212) 255-8847,
<h1>Citadel Property Mngmt</h1>,(646) 654-0722,mcrespo@citadelnyc.com
<h1>David Ellis Real Estate</h1>,(212) 691-5419,
<h1>643 E 11 St</h1>,(212) 260-2135,
<h1>One Six Eight</h1>,(212) 228-2555,
<h1>D &amp; A Greenberg David</h1>,(212) 677-6070,
<h1>34-14 West Co</h1>,(212) 255-4808,
<h1>Village Mews Housing Corp</h1>,(212) 463-7318,
<h1>Hf Hewitt Realty</h1>,(212) 375-9203,hfhewittrealty@aol.com
<h1>Corp Noam</h1>,(212) 387-8003,
<h1>The Braswell Team</h1>,(646) 535-6865,
<h1>90 5th Ave Realty</h1>,(646) 336-1454,euan.menzies@riag.com
<h1>Hm Village Realty</h1>,(212) 675-3787,
<h1>Nest Seekers</h1>,(212) 252-8772,
<h1>The Victoria Owners Corp</h1>,(212) 243-1770,vveedell@rcn.com
<h1>Remax</h1>,(888) 407-6374,
<h1>West 12st Partnets</h1>,(917) 566-7400,
<h1>Crystal Tower</h1>,(212) 358-1149,
<h1>Silcon Management Inc</h1>,(212) 929-2550,
<h1>Cabal Luisa</h1>,(631) 242-1730,
<h1>E Hanmi Realty Tristate</h1>,(718) 961-8801,
<h1>Milstein Properties</h1>,(212) 627-2726,
<h1>Upper Waverly Inc</h1>,(212) 675-2936,
<h1>24 Hour Any Time Towing</h1>,(212) 786-7261,
<h1>New York City Corporate Housing</h1>,(212) 358-7100,smin@designbe.com
<h1>Old Glory Real Estate</h1>,(212) 352-2186,
<h1>Haven Plaza Square</h1>,(212) 253-5650,
<h1>Milan Associates</h1>,(212) 255-5932,
<h1>Hudson Realty Enterprises Ltd</h1>,(212) 929-5300,smehra4162@aol.com
<h1>Orbank Realty</h1>,(212) 677-9680,
<h1>Cardiothoracic Surgical Assoc Of New York Pc</h1>,(212) 627-0454,
<h1>79 5 Ave</h1>,(212) 243-2291,
<h1>Rockrose Development</h1>,(212) 204-7087,
<h1>A &amp; R Kalimian Realty</h1>,(212) 243-2291,wexelr_sam@bpirepro.com
<h1>One Hundred Fifth Ave Co</h1>,(212) 924-9191,
<h1>Newmark &amp; Co Real Estate Inc</h1>,(212) 924-4085,
<h1>Kelly Legan and Gerard Inc</h1>,(212) 414-4600,
<h1>Mehra Properties</h1>,(212) 929-5300,smehra4162@aol.com
<h1>Winner Realty Co</h1>,(212) 627-2704,
<h1>Abner Properties Company</h1>,(212) 929-6145,
<h1>Comfort Geo Co Inc</h1>,(212) 724-8424,
<h1>Haven Plaza Housing</h1>,(212) 475-2900,
<h1>S Klein Family</h1>,(212) 473-5200,
<h1>142 East Co-Op Owners</h1>,(212) 982-7780,
<h1>Picken Real Estate</h1>,(212) 979-2800,
<h1>American Prime Sales Inc</h1>,(877) 768-6800,
<h1>Synergy Realty</h1>,(212) 242-6700,info@synergyrealtyny.com
<h1>Rosin Associates Inc</h1>,(212) 726-0937,
<h1>Stuytown Real Estate</h1>,(212) 260-4353,
<h1>Jcsa Usa</h1>,(212) 989-1234,jcsa@jcsa.com
<h1>Irving Realty Co</h1>,(212) 924-7649,funk@coffeecupdesign.com
<h1>Gardnerville Realty</h1>,(212) 366-4759,
<h1>141 West 16th Associates</h1>,(212) 633-0383,
<h1>Stuytown Real Estate</h1>,(212) 475-8065,
<h1>TOWN Residential</h1>,(646) 979-9930,
<h1>Newmark &amp; Co Real Estate Inc</h1>,(212) 929-6404,
<h1>Levinsohn Charles L</h1>,(212) 691-0693,cpl_1998@yahoo.com
<h1>115 Associates</h1>,(212) 924-2786,
<h1>Edmal Realty Co</h1>,(212) 627-2703,
<h1>Douglas Elliman</h1>,(212) 645-4040,
<h1>David Rosen - New York Real Estate Agent</h1>,(212) 321-7110,
<h1>Transworld Equities Associates</h1>,(212) 242-6858,
<h1>Pan Am Equities</h1>,(212) 242-6600,
<h1>5-7 East 17th</h1>,(212) 255-8891,
<h1>Newmark &amp; Co Real Estate</h1>,(212) 242-2064,jbuslik@adamsre.com
<h1>One Hundred One Fifth Avenue Associates</h1>,(212) 691-8411,edward_mufson@thetaconicgroup.com
<h1>114 Associates</h1>,(212) 367-2058,
<h1>Sedlmayr Associates</h1>,(212) 925-3456,tsedlmayr@cutler-sedlmayr.com
<h1>Little West 12th Street Realty Lp</h1>,(212) 691-0872,
<h1>Orsid Realty Corp</h1>,(212) 675-2110,
<h1>Agent Jackson</h1>,(212) 989-0700,
<h1>Kamali Steven M</h1>,(212) 684-6666,
<h1>Century 21</h1>,(212) 255-5200,
<h1>Brause Realty</h1>,(212) 255-6789,
<h1>114 5 Ave Associates</h1>,(212) 243-4844,
<h1>Wasserstein Brothers Inc</h1>,(212) 620-7996,
<h1>18-19 Assoc</h1>,(212) 675-0479,alison.chaltas@interscopellc.com
<h1>Nyre Inc</h1>,(212) 509-6000,
<h1>Bellmarc Realty</h1>,(212) 477-8096,
<h1>402-04 West 13 St</h1>,(212) 675-3902,
<h1>M &amp; M Real Estate</h1>,(212) 254-1119,
<h1>Sma Inc</h1>,(646) 230-8460,
<h1>Wasser Realty</h1>,(212) 675-2262,
<h1>511 E 80 Assoc</h1>,(212) 673-4993,
<h1>Digital Realty Trust</h1>,(646) 871-9900,customerservice@digitalrealtytrust.com
<h1>Rxr Property Mgmt</h1>,(212) 989-0900,
<h1>European American Properties</h1>,(212) 645-3434,
<h1>Penmark Realty</h1>,(212) 929-2640,anna@penmarkrealty.com
<h1>Preston Properties</h1>,(800) 564-6308,bap111555@aol.com
<h1>Scandia Realty</h1>,(212) 633-2378,vahid@printicon.com
<h1>M Meilman</h1>,(212) 242-5269,
<h1>Salon Realty Corp</h1>,(212) 633-1017,
<h1>K &amp; S Realty</h1>,(212) 989-8015,
<h1>Manhattan Real Estate Company</h1>,(212) 728-5600,
<h1>Bromley Companies</h1>,(212) 807-7744,
<h1>Mel Mayers Realty</h1>,(212) 475-5294,
<h1>RFR Realty</h1>,(212) 691-1635,
<h1>201 West 16th Street Owners</h1>,(646) 486-5870,
<h1>West Gramercy Assoc</h1>,(212) 206-1155,
<h1>32 West 20 St Inc</h1>,(212) 691-5696,
<h1>E B B Realty</h1>,(212) 255-3732,
<h1>Novo Realty</h1>,(212) 691-4839,sales@waterbearerfilms.com
<h1>Penmark Realty</h1>,(212) 260-5410,anna@penmarkrealty.com
<h1>Cmb Realty</h1>,(212) 929-7871,
<h1>Rapid Realty</h1>,(646) 329-6773,
<h1>F M Ring Associates Inc</h1>,(212) 475-0700,
<h1>43 Orchard Realty</h1>,(646) 745-2596,
<h1>Theatre District Realtor</h1>,(212) 645-2355,
<h1>248 W 17 Realty</h1>,(212) 989-1547,
<h1>Newmark Grubb</h1>,(212) 204-0310,
<h1>V Group Real Estate</h1>,(212) 777-9690,
<h1>Town West Village</h1>,(212) 604-0300,
<h1>Mansion Realty</h1>,(212) 677-3257,
<h1>Rice &amp; Associates</h1>,(212) 253-8700,info@totalgreen.com
<h1>A S &amp; J Associates</h1>,(212) 463-5520,
<h1>Plymouth Management Group</h1>,(212) 447-7344,
<h1>Birnbaum Mendel</h1>,(212) 352-7311,
<h1>Mkf Realtycorp</h1>,(917) 661-1960,
<h1>Smiling Realty</h1>,(212) 443-9100,
<h1>125 Fifth Avenue Associates LP</h1>,(212) 533-3837,
<h1>Thor Asb 875 Washington St</h1>,(212) 206-0197,
<h1>Burr Tibbs</h1>,(212) 255-4562,
<h1>246 West</h1>,(212) 924-4897,
<h1>Penmark Realty 212 E 57th</h1>,(212) 924-4897,
<h1>Norgo Properties</h1>,(646) 335-5882,jomommaesq@aol.com
<h1>355 E 19 Realty</h1>,(212) 475-5522,
<h1>Landmark Realty Nyc</h1>,(212) 234-3700,
<h1>Penmark Realty</h1>,(212) 229-9860,
<h1>Howell Geoffrey</h1>,(212) 376-8012,support@trevanna.com
<h1>Pan Am Equities</h1>,(212) 260-6240,
<h1>United Flatiron</h1>,(212) 673-8173,
<h1>Jam Realty Co</h1>,(212) 673-8173,
<h1>Grohe America</h1>,(212) 886-0530,grohe-cz@grohe.com
<h1>Lf Secon Acquistion Corp</h1>,(212) 979-8843,
<h1>Centaur Properties</h1>,(212) 388-9568,
"<h1>NY Retail Group, LLC</h1>",(212) 792-2970,
<h1>Heet Mansion Corp</h1>,(212) 473-5653,
<h1>Guttman Realty Inc</h1>,(212) 260-5151,Beth@cooneywaters.com
<h1>37 West 20 Co</h1>,(212) 242-2877,
<h1>19 West 20th Street Realty</h1>,(646) 870-0933,
<h1>The Rafal Markwat</h1>,(212) 420-7013,
<h1>38 Gramancy Park Inc</h1>,(212) 533-4856,
<h1>New Era Cap Company Incorporated</h1>,(212) 477-8039,jon@kraemerinc.com
<h1>Marketing Challenges International Inc</h1>,(212) 529-8484,contact@rgiusa.com
<h1>Crystal Panamerica Inc</h1>,(212) 673-9707,
<h1>Dezer Properties</h1>,(212) 463-0257,
<h1>Gallery Real Estate</h1>,(212) 255-5083,
<h1>Jersey Street Associates</h1>,(212) 243-7270,
<h1>Tri Management Co</h1>,(212) 675-0593,
<h1>Solutions for Non Profit</h1>,(212) 685-7529,
<h1>Extell Development Company</h1>,(212) 352-9100,
<h1>Newmark &amp; Co</h1>,(212) 477-0947,
<h1>Newell &amp; Assocs Real Estate Ltd</h1>,(212) 353-8900,O.Rosemarie@avidink.com
<h1>Mason Real Estate</h1>,(212) 206-1257,marisa@masonny.com
<h1>Hrc Corporation</h1>,(212) 807-7664,sgreenfield@fun-4-all.com
<h1>Rockrose Construction Corp</h1>,(212) 375-1155,
<h1>Flat Iron Real Estate</h1>,(212) 254-6668,sjimon@nyc.rr.com
<h1>85 Tenth Avenue Associates</h1>,(212) 929-8510,
<h1>168 Fifth Ave Realty Corp</h1>,(212) 929-2999,
<h1>Sheppard Hale &amp; Associates</h1>,(212) 243-0223,
<h1>Greenwich Development Grp</h1>,(212) 414-5994,
<h1>West Gramercy Assoc</h1>,(212) 206-8054,
<h1>Jsn Properties</h1>,(212) 929-8390,jnissani@jsnproperties.com
<h1>Kensington House Inc</h1>,(212) 929-5121,twoblackbears@comcast.net
<h1>Milton L Ehrlich Inc</h1>,(212) 475-8353,editions@artesmagnus.com
<h1>Extreme Realty</h1>,(212) 807-6640,
<h1>Weichert Corporate</h1>,(212) 706-1985,
<h1>East 22nd Street Associates</h1>,(646) 602-9348,
<h1>Universal Building</h1>,(646) 314-8145,
<h1>Ghent Realty Services</h1>,(212) 691-7725,
<h1>220 E 22 Street</h1>,(212) 533-2770,
<h1>143-5 Owners Corp</h1>,(212) 620-0778,
<h1>Aristone Realty Capital</h1>,(212) 255-2277,
<h1>54 West 21 Street</h1>,(212) 242-1274,
<h1>Related Management</h1>,(212) 242-8400,
<h1>Aj Clark Real Estate Inc</h1>,(212) 228-0647,
<h1>Fifty Six Realty Corp</h1>,(212) 924-3048,
<h1>J W Burke Realty J W Burke Realty</h1>,(212) 228-8080,
<h1>Ebb Realty</h1>,(212) 366-0474,gus@exclusiverealtyservices.com
<h1>30 E 23rd Realty</h1>,(212) 777-1946,
<h1>V S</h1>,(212) 253-1387,
<h1>SL Green Realty</h1>,(212) 358-7140,
<h1>Related Caledonia</h1>,(212) 524-2670,caledonialeasing@related.com
<h1>Christos Realty Inc</h1>,(212) 614-1812,
<h1>Bleru Realty Corp</h1>,(212) 982-2244,
<h1>One Madison Park Condominium</h1>,(212) 677-7444,
<h1>Slazer Enterprises</h1>,(212) 677-7444,
<h1>Fiegelson Susan Real Estate</h1>,(212) 590-2500,
<h1>Kleiman Louis</h1>,(212) 675-5961,
<h1>Franc-Men Realty Co</h1>,(212) 929-9807,
<h1>Gramercy Five Assocs Inc</h1>,(212) 473-8460,
<h1>Income Solutions</h1>,(212) 590-2368,
<h1>Cross It Off Your List</h1>,(212) 725-0122,
<h1>Reality Check</h1>,(212) 590-2315,
<h1>Park Twenty Three</h1>,(212) 533-2055,
<h1>Chand Realty Associates</h1>,(212) 924-3817,
<h1>Northside Realty Corp</h1>,(212) 243-0189,
<h1>Real Share International Inc</h1>,(212) 274-2205,
<h1>Prestigious Properties Of New York Inc</h1>,(212) 590-2370,BassilM@cox.net
<h1>BSD Equities Realty Worldwide</h1>,(212) 367-7200,info@bsdequities.com
<h1>Continental Realty Corp</h1>,(212) 829-5532,info@bondnewyork.com
<h1>Green Turtle Realty Inc</h1>,(212) 924-3937,
<h1>Rowen Skeg</h1>,(212) 929-7660,
<h1>50 Gramarcy Park N Owners Corp</h1>,(212) 228-0658,
<h1>Aimco Inc</h1>,(212) 675-1617,rkmedical@hotmail.com
<h1>61 W 23rd Street Assoc</h1>,(212) 929-4793,
<h1>Partners In Excellence Inc</h1>,(212) 851-8402,ideafirst@erols.com
<h1>124 West 23rd Street</h1>,(212) 675-4639,
<h1>Adams &amp; Co Rl Est Inc</h1>,(646) 230-1229,lanthony@anthonylawrence.com
<h1>M S S Realty</h1>,(212) 229-2854,hr@clkcorp.com
<h1>Mirador Real Estate</h1>,(212) 248-3333,info@miradorny.com
<h1>Davis Daniel E &amp; Co Inc</h1>,(212) 645-2562,
<h1>23rd Street Properties Corp</h1>,(212) 675-1833,
<h1>Penmark</h1>,(212) 462-2548,
<h1>Ttmc As Nominee</h1>,(212) 366-0315,
<h1>133 W 22 St Condominium</h1>,(212) 462-2505,
<h1>Medley Realty</h1>,(212) 228-7842,
<h1>Donald Zucker Co</h1>,(212) 533-7894,
<h1>M &amp; E 23rd Street Realty M &amp; E 23rd Street Realty</h1>,(212) 228-9300,
<h1>Edward A Friedman Realty</h1>,(212) 673-6400,
<h1>303 Park Ave South Associates</h1>,(212) 674-4102,
<h1>Ocean Drive Realty Assoc</h1>,(212) 679-9003,
<h1>Tdg-Tregny</h1>,(212) 475-9000,
<h1>Panbros Associates</h1>,(212) 255-2000,
<h1>Green Stamp of America</h1>,(212) 686-6880,
<h1>Branded Concept Development</h1>,(212) 260-5210,
<h1>Cannon Realty Group</h1>,(212) 686-5179,
<h1>Ninth Avenue Realty</h1>,(212) 675-5157,
<h1>126 West 22nd St</h1>,(212) 243-8395,
<h1>Avid</h1>,(212) 533-0320,
<h1>Walsam Fifth Avenue Company</h1>,(212) 255-9368,
<h1>201 West 21 St Corp</h1>,(212) 989-5813,kimberly.seidler@corcoran.com
<h1>Douglas Elliman Property</h1>,(212) 473-3278,info@ellimanpm.com
<h1>20125 Owners Corp</h1>,(212) 683-9329,
<h1>Abs Partners Real Estate</h1>,(646) 490-4580,
<h1>K L M Equities Inc</h1>,(212) 758-7373,
<h1>Elaine Zhang Real Estate</h1>,(646) 705-7989,elachang@gmail.com
<h1>Suites Over Soho</h1>,(917) 261-2378,
<h1>Felds Realty Co</h1>,(212) 989-0955,
<h1>Myrvik Ronald D B</h1>,(212) 679-9626,
<h1>Ring F M Assoc Inc</h1>,(212) 243-2525,
<h1>Simple Space</h1>,(212) 233-0156,socialmedia@alchemyspace.com
<h1>25 W 24 St Realty Corp</h1>,(212) 924-2940,
<h1>Terrance B Realtor</h1>,(718) 781-2510,terrancebrealtor@joinreal.com
<h1>The Acocella Group</h1>,(212) 991-5750,
<h1>137 &amp; 138 Realty</h1>,(212) 889-1898,
<h1>Tavros Development</h1>,(212) 518-4942,
<h1>Ring F M Assoc Inc Rl Est</h1>,(212) 475-1176,
<h1>118-25 Associates</h1>,(212) 533-8470,
<h1>19 W 24 Leashold</h1>,(212) 243-2525,
<h1>S L Green Realty Corp</h1>,(646) 518-3376,
<h1>Zamel Properties Inc</h1>,(212) 255-3664,
<h1>Sherwood 21 Associates Mllc</h1>,(212) 242-0021,
<h1>Zmarlak Karolina</h1>,(212) 243-0005,
<h1>James Wells &amp; Sons Inc</h1>,(646) 613-2700,webmaster@striblingny.com
<h1>Hq Global Workplaces</h1>,(212) 849-6900,
<h1>Gerard J Picaso Inc</h1>,(212) 807-6969,
<h1>Crops Development Corp</h1>,(212) 647-8941,
<h1>The Chelsea Atelier Condominium</h1>,(212) 691-7521,
<h1>Tri-Star Equities Inc</h1>,(212) 751-4800,info@tristareq.com
<h1>Vgc Realty Corp</h1>,(212) 251-0323,
<h1>Bonafide Estates Inc</h1>,(212) 929-3546,
<h1>JSN Properties</h1>,(212) 929-8172,
<h1>N Y Mdse Mart</h1>,(212) 686-1203,
<h1>Franvid Realty Co</h1>,(212) 627-4005,
<h1>Rudin Management Co Inc</h1>,(212) 686-0347,
<h1>West 22nd Street Owners Corp</h1>,(212) 929-4398,
<h1>Trinity Development Group</h1>,(212) 401-8640,
<h1>Ideal Properties Group</h1>,(212) 727-8300,
<h1>Cushman &amp; Wakefield</h1>,(212) 532-8266,
<h1>Carlton Real Estate Co Inc</h1>,(212) 366-5229,
<h1>220 E 23 St Bldg</h1>,(212) 679-5468,
<h1>Rexton Realty Co</h1>,(646) 230-0680,
<h1>Unizo Real Estate Ny One</h1>,(212) 414-3004,
<h1>351 East 61st Realty</h1>,(212) 206-1937,
<h1>23rd Street Owner</h1>,(212) 620-0867,
<h1>2324 Realty</h1>,(212) 620-0867,hr@clkcorp.com
<h1>Andrews Building Corp</h1>,(212) 488-2402,AP@andrewsbc.com
<h1>345 Park Ave So Partners</h1>,(212) 685-8595,jennifer.kaufler@tor.com
<h1>148 W 24 St Tennants Corp</h1>,(212) 989-6680,
<h1>One Sixteen Assocs Inc</h1>,(212) 689-7340,
<h1>Pas Associates</h1>,(212) 779-7093,
<h1>116 Associates</h1>,(212) 532-1313,
<h1>J Z Realty Corp</h1>,(212) 580-1808,
<h1>Foxwood Realty</h1>,(212) 251-9600,
<h1>Richmond Properties</h1>,(212) 725-3636,
<h1>Jeppesen INC</h1>,(212) 478-1200,
<h1>Stewart Management LTD</h1>,(212) 689-6774,mapsltd@hotmail.com
<h1>A C Lawrence Company</h1>,(212) 989-0880,
<h1>Bluestone Group</h1>,(212) 643-0033,
<h1>27D Realty</h1>,(917) 262-0771,
<h1>Seven Ninety Lex Owne</h1>,(646) 448-4021,
<h1>Dwellworks Destination Services</h1>,(212) 768-7272,info@dwellworks.com
<h1>Manhattan Fine Properties</h1>,(917) 885-7465,
<h1>Henry Phipps Plaza West</h1>,(212) 779-2705,
<h1>Twelve Lofts Realty Inc</h1>,(212) 989-2217,
<h1>V11 90 Lex Owner</h1>,(212) 689-2700,
<h1>Dino &amp; Sons Realty Corp</h1>,(212) 684-3564,
<h1>La Seven Inc</h1>,(212) 582-7777,noel.hernandez@laseven.com
<h1>Kost Gregory Real Estate</h1>,(212) 685-0595,mfernandez@townrealestate.com
<h1>Justis Properties</h1>,(212) 807-7700,
<h1>Glick Miriam</h1>,(212) 352-8678,
<h1>Dezer Properties Co</h1>,(212) 627-8255,don.smith@thestellargroup.com
<h1>Rel Estate Solutions</h1>,(800) 367-1650,
"<h1>Sperber, Joseph E, AGT</h1>",(212) 929-7733,
<h1>Premier Relocation Solutions</h1>,(212) 600-1066,info@premierny.com
<h1>Fawn Realty</h1>,(212) 447-7864,fawn@hughesrealtygroup.com
<h1>Singh Realty</h1>,(212) 689-1436,
<h1>Via 27</h1>,(212) 689-1436,info@delval.biz
<h1>Pioneer Group</h1>,(212) 779-8872,info@pioneergroup.com
<h1>Chik Associates</h1>,(212) 255-6059,
<h1>Meringof Properties</h1>,(212) 725-9546,
"<h1>Gamut Realty Group, Inc.</h1>",(917) 681-3594,
<h1>Nsnyre</h1>,(212) 366-0408,leasing@nsnyre.com
<h1>26 W 27th Realty</h1>,(212) 213-9470,
<h1>J A R Realty Co</h1>,(212) 989-3314,info@camelotrealtygroup.biz
<h1>Victoria Realty Co</h1>,(212) 686-6033,ian@freeverse.com
<h1>Caralex Holding</h1>,(212) 684-2573,
<h1>Crescent West 26</h1>,(212) 366-4680,
<h1>225-25 Housing Corp</h1>,(212) 924-8174,
<h1>East One Forty Five Corp</h1>,(212) 889-7895,
<h1>Sklar Realty Group Inc</h1>,(212) 966-3079,tim@nycauction.com
<h1>Mason Alexnader Group</h1>,(212) 684-5890,office@masonalexander.com
<h1>Mazursky Group Inc</h1>,(212) 696-2005,
<h1>Richmond Associates</h1>,(212) 725-1708,
<h1>IPG Real Estate</h1>,(347) 573-8354,gdonohue@realestateipg.com
<h1>Kg Properties of New York Inc</h1>,(212) 757-8235,kevin@kgpropertiesny.com
<h1>Kinsey Equities</h1>,(212) 255-2248,
<h1>Sharon Realty Ny Corp</h1>,(212) 685-8383,
<h1>Cityrealty.com</h1>,(212) 755-5544,
<h1>Ascot Owners</h1>,(212) 889-2297,
<h1>Union Sanitorium Inc</h1>,(212) 243-1427,
<h1>Commercial Capital Group Inc</h1>,(212) 751-4564,
<h1>Canvas Property Group</h1>,(646) 666-0718,
<h1>Dino &amp; Sons Realty Company</h1>,(212) 229-1525,
<h1>Jeder National</h1>,(888) 533-3788,info@jedernational.com
<h1>Commercial Reality Service</h1>,(212) 252-5281,
<h1>Innovest Properties</h1>,(800) 707-1789,
<h1>Y &amp; R Realty Group</h1>,(212) 802-8493,
<h1>Elite Real Estate Agency</h1>,(310) 274-9395,
<h1>Davis Realty</h1>,(212) 929-0642,
<h1>Century 21</h1>,(212) 255-5200,
<h1>Exp Realty Advisors</h1>,(212) 972-7457,aron@exp1031.com
<h1>CMB Realty</h1>,(212) 683-2315,
<h1>Harvard Agency Co Inc</h1>,(212) 532-1723,
<h1>Bahnyc</h1>,(917) 724-9409,admin@bahnyc.com
<h1>31 West 27th</h1>,(212) 532-7420,
<h1>Soho Properties Licensed Real Estate Broker</h1>,(212) 966-9600,info@sohowaxstudionyc.com
<h1>Insight Property 512 Inc</h1>,(212) 839-0838,
<h1>Newcastle Realty Services</h1>,(646) 661-7967,
<h1>Lockwood Walter A</h1>,(212) 243-7000,
<h1>Hailey Development Group</h1>,(212) 847-7267,
<h1>400 Park Avenue South</h1>,(212) 759-3414,nigel@parkavenuepost.com
<h1>William USA Realty Services Inc</h1>,(212) 213-4957,
<h1>Abner Properties Company</h1>,(212) 243-7020,
<h1>Public Data Corp</h1>,(212) 519-3097,
<h1>Nikolis Realty Corp</h1>,(212) 689-0012,S_G@bbleather.com
<h1>Rosewood Realty</h1>,(212) 359-9900,
<h1>Ninety-Five Madison Co</h1>,(212) 532-8834,
<h1>Mbny</h1>,(212) 779-5940,
<h1>L M Development Partners Inc</h1>,(917) 261-7318,
<h1>The Clayman Realty Group LTD</h1>,(212) 888-3100,
<h1>Chelsea Town</h1>,(212) 255-5395,
<h1>New Street Realty Advisors</h1>,(212) 251-0626,
<h1>KG Properties of New York</h1>,(212) 757-8235,
<h1>Samra Realty</h1>,(212) 660-0205,
<h1>TechSpace - Chelsea</h1>,(212) 905-7711,kspikler@techspace.com
<h1>15 W 28</h1>,(212) 532-1458,
<h1>Fawn Realty</h1>,(646) 486-4891,
<h1>Alf Naman Real Estate</h1>,(212) 751-4538,
<h1>Joneja Dev</h1>,(646) 861-3617,
<h1>Madison 28 Associates</h1>,(212) 683-0595,
<h1>West End Estates</h1>,(212) 924-9647,
<h1>Luxury Habitat</h1>,(212) 741-6497,LuxuryHabitat@gmail.com
"<h1>Thirty Madison, Inc</h1>",(212) 260-6270,
<h1>Malwin Realty Co</h1>,(212) 679-4210,
<h1>398 3rd Av Realty Co</h1>,(212) 686-6664,
<h1>Milstein Properties</h1>,(646) 658-0694,
<h1>404 Park Partners LP</h1>,(212) 686-5014,
<h1>Lerner Group Inc</h1>,(212) 686-3434,
<h1>6 Avenue West Assoc</h1>,(212) 989-9561,
<h1>Hyung-Hyang Realty Corp</h1>,(212) 889-7398,
<h1>Elk Investors</h1>,(212) 725-1044,
<h1>Kennelly Development</h1>,(212) 269-1696,
<h1>Middie Realty Corp</h1>,(212) 686-0804,
<h1>Century 21</h1>,(718) 788-7653,
<h1>144 East 30 Street Condominiums</h1>,(212) 683-2137,
<h1>Dezer Properties</h1>,(212) 889-0485,info@dezerproperties.com
<h1>Benchmark 425 Lp</h1>,(646) 964-4271,
<h1>Alexandria Real Estate</h1>,(917) 934-0389,ldiamond@are.com
<h1>Fawn Realty</h1>,(212) 643-1329,
<h1>Ocram Inc</h1>,(212) 308-2350,
<h1>A R Real Estate Inc</h1>,(646) 964-5299,webteam@ngkf.com
<h1>A Ruth &amp; Sons</h1>,(212) 685-1554,
<h1>Broadway Tenant</h1>,(212) 679-1913,
<h1>A B C Realty Corp</h1>,(212) 242-1908,
<h1>824 Sixth Ave Realty Corp</h1>,(212) 532-0279,
<h1>741 Dyslexington</h1>,(212) 251-9627,
<h1>Old Field Realty Group Inc</h1>,(212) 481-4966,aabbasi@habibamericanbank.com
<h1>432 Park Av So Realty Co</h1>,(212) 683-2135,
<h1>Nufolio Inc</h1>,(212) 252-0008,geo@nufolio.com
<h1>236 West 27 Enterprises</h1>,(212) 675-5610,
<h1>Weichert Corp Housing</h1>,(212) 600-4976,
<h1>Comet Realty</h1>,(212) 727-8302,
<h1>Gateway Belvedere</h1>,(212) 889-2879,
<h1>Stanford Realty Assoc Inc</h1>,(212) 679-5592,
<h1>Carmine Partners</h1>,(212) 243-0005,
<h1>Vivaldi Real Estate</h1>,(212) 686-1513,
<h1>453 2nd Ave</h1>,(212) 889-0951,
<h1>Manhattan Property Companies</h1>,(212) 685-0530,info@manhattanbuyers.com
<h1>Bushwick Realty Corporation</h1>,(212) 966-5020,eseligson@email.com
<h1>Washington Square Realty</h1>,(212) 268-1818,
<h1>Suzuki Associates Ltd</h1>,(212) 739-0900,
<h1>Urban Living</h1>,(212) 689-6606,bg@urbanliving.net
<h1>Mansion Realty Group</h1>,(212) 229-0536,
<h1>Oxford Property Group</h1>,(212) 300-6412,info@opgny.com
<h1>286 Fifth Avenue Realty Corp</h1>,(212) 279-4387,
<h1>CEO Lofts Twenty Nine</h1>,(646) 797-3699,
<h1>Pater Realty</h1>,(516) 883-0233,
<h1>115 West 29 St Owners Corp</h1>,(212) 564-3332,
<h1>129 West 29th Street</h1>,(212) 564-6280,
<h1>Young Agency</h1>,(212) 695-2431,
<h1>842 Enterprises Inc</h1>,(212) 685-4214,
<h1>Lee Odel Real Estate</h1>,(212) 598-0001,
<h1>Bro Realties</h1>,(212) 239-4709,
<h1>Loftspace Inc</h1>,(212) 239-1551,
<h1>Pixafy Inc</h1>,(212) 596-7404,hi@keep.com
<h1>Lavipour Associate</h1>,(212) 545-1910,kfisher-behr@lavipour.com
<h1>MD Carlisle Cinstruction</h1>,(212) 695-9703,
<h1>Williams Real Estate Co Inc</h1>,(212) 594-1579,
<h1>Concourse Realty Partners</h1>,(212) 689-7400,
<h1>West 29th St Owners Corp</h1>,(212) 594-9360,westelm@enews.westelm.com
<h1>Aro Managmnt Inc</h1>,(212) 481-5740,dem@hi-tech-solutions.com
<h1>Third Avenue Operating Group</h1>,(212) 481-7103,
<h1>15 East 31st Street Co</h1>,(212) 679-2466,
<h1>333 7th Avenue Realty Co</h1>,(212) 239-1481,
<h1>One Fifteen West Assoc Lp</h1>,(212) 684-7573,
<h1>Chekers Realty</h1>,(212) 725-5566,
<h1>Project 140</h1>,(212) 239-1857,
<h1>Jdf Realty Inc</h1>,(212) 216-9777,rfrisch@jdfrealty.com
<h1>Karen Thomas Associates</h1>,(212) 991-9990,
<h1>Terris Realty</h1>,(212) 223-0550,
<h1>Brown Co Inc</h1>,(212) 683-4400,suniraju@hotmail.com
<h1>Kinsey Equities</h1>,(212) 255-5587,mvk@Kinseyllc.com
<h1>130 West 30th</h1>,(212) 594-0728,
<h1>1426 Ogden Realty</h1>,(212) 244-1841,
<h1>Ryan Vivian Inc</h1>,(212) 213-6393,
<h1>Silver Equities Management</h1>,(212) 967-2713,mvinocur@bemnyc.com
<h1>Three Forty Five Seventh Av Bldg</h1>,(212) 594-2653,
<h1>Colavito William Inc</h1>,(212) 688-1414,
<h1>Corner Realty 7/30 Inc</h1>,(212) 695-0230,
<h1>Michiko Shioda Corporation</h1>,(212) 402-7731,amy@csusa.org
<h1>Egreen Realty Co</h1>,(212) 997-7709,
<h1>Shire Realty Corp</h1>,(212) 564-3194,
<h1>J 2 Brokerage Associates Inc</h1>,(212) 279-9326,info@j2brokerage.com
<h1>Working Realty Ltd</h1>,(212) 355-7750,
<h1>Romer Ben &amp; Son</h1>,(212) 736-6374,
<h1>Cinquantotto</h1>,(212) 929-7212,
<h1>Max Rosin &amp; Associates Inc</h1>,(212) 726-9090,
<h1>Kerway Realty Co</h1>,(212) 213-9384,
<h1>Pav-Lak Contracting Inc</h1>,(212) 929-7088,
<h1>Socrates Realty Co</h1>,(718) 545-9505,
<h1>SWS Realty</h1>,(212) 695-3440,
<h1>32nd St Se Co</h1>,(212) 689-3628,
<h1>Tarragon Corp</h1>,(212) 949-5000,
"<h1>A FLAT DOWNTOWN, Inc</h1>",(347) 282-3154,
<h1>Dezer Properties</h1>,(212) 279-9278,
<h1>Fawn Realty</h1>,(212) 279-9278,
<h1>Media Technology Center</h1>,(212) 631-7505,
<h1>Incorporated Realty Services Limited Liability Company</h1>,(212) 532-1824,
<h1>Awaye Realty Management</h1>,(718) 488-0800,
<h1>Archer International Real Estate Devlpmt Corp</h1>,(212) 889-3169,
<h1>Cres Inc</h1>,(212) 685-3685,sales@cresinc.com
<h1>Metropolis Reality Estate LTD</h1>,(212) 683-0816,tom@metropolisre.com
<h1>Dreyfuss &amp; Birke</h1>,(212) 631-7576,
